CaseID,horizon,other,casualties,Scenarios,Pol1,P1,Pol2,P2,Pol3,P3,Pol4,P4,Pol5,P5,Pol6,P6,Pol7,P7,P1_conf,P2_conf,P3_conf,P4_conf,P5_conf,P6_conf,P7_conf,t_screen,t_select,Pol_select,P1_support,P2_support,P3_support,P4_support,P5_support,P6_support,P7_support,choice_factor,FactSuccess_rate,FactCas_rate,FactOther_rate,SetA_2,SetA_3,SetB_2,SetB_3,Important,Costs,TimeFrames,TF_MC,FMC1,FMC2,reward,reward_b,T1,T10,Sex,Gender,Age,ethnic,race,party,Know,FP_Know,educ,Edu_cat,inc,Income,Scenarios_DO
1,0,0,0,t_AllSet|S1,Accept,1,Reject,0,Accept,1,Reject,0,Reject,0,Accept,1,Reject,0,6,3,3,6,2,6,4,40.72,96.204,3,6,,5,,,6,,,,,,1,0,1,1,5,6,In the short term (this month),0,An American embassy building,Iran,A reward of $3800 next month,1,200,800,Female,1,29,Black/African American,1,7,Well Informed,3,Some college,3,"$25,000 - $50,000",2,t_AllSet|S1
2,0,0,0,t_AllSet|S1,Reject,0,Accept,1,Reject,0,Reject,0,Accept,1,Reject,0,Reject,0,5,4,4,6,3,5,5,22.239,2.712,5,,5,,,4,,,,,,,1,0,1,1,5,4,In the short term (this month),0,An American military base,Kenya,A reward of $3800 next month,1,500,15020,Male,0,23,White/Caucasian,4,5,Well Informed,3,Some college,3,"$50,001 - $75,000",3,t_AllSet|S1
3,0,0,0,t_AllSet|S1,Accept,1,Accept,1,Accept,1,Accept,1,Accept,1,Accept,1,Accept,1,6,5,7,7,6,7,5,29.414,52.945,1,6,5,7,6,7,6,6,,,,,0,0,1,1,6,7,In the short term (this month),0,An American military base,Afghanistan,A reward of $3400 this month,0,200,800,Male,0,22,Black/African American,1,7,Very Informed,4,Bachelor's degree,4,"$25,000 - $50,000",2,t_AllSet|S1
4,0,0,0,t_AllSet|S1,Accept,1,Accept,1,Accept,1,Accept,1,Accept,1,Accept,1,Accept,1,4,6,6,4,5,6,5,168.513,21.737,2,5,6,5,6,7,6,7,,,,,0,1,1,1,6,5,In the short term (this month),0,An American military base,Afghanistan,A reward of $3400 this month,0,200,800,Male,0,48,Black/African American,1,6,Well Informed,3,Masters degree or higher,5,"$25,000 - $50,000",2,t_AllSet|S1
5,0,0,0,t_AllSet|S1,Accept,1,Accept,1,Accept,1,Accept,1,Reject,0,Reject,0,Reject,0,6,5,5,3,2,2,2,225.522,20.204,1,7,6,4,2,,,,,,,,1,0,0,1,5,6,In the short term (this month),0,An American embassy building,Afghanistan,A reward of $3400 this month,0,300,10000,Male,0,34,White/Caucasian,4,1,Well Informed,3,High school,2,"$50,001 - $75,000",3,t_AllSet|S1
6,0,0,0,t_AllSet|S1,Reject,0,Reject,0,Reject,0,Reject,0,Reject,0,Reject,0,Accept,1,5,5,5,5,5,5,7,162.971,36.44,7,,,,,,,7,,,,,1,1,0,1,7,6,In the short term (this month),0,An American military base,Afghanistan,A reward of $3800 next month,1,500,10000,Female,1,66,White/Caucasian,4,4,Well Informed,3,Bachelor's degree,4,"$25,000 - $50,000",2,t_AllSet|S1
7,0,0,0,t_AllSet|S1,Accept,1,Accept,1,Accept,1,Accept,1,Accept,1,Accept,1,Accept,1,4,5,4,5,4,5,4,2092.533,17.742,5,4,5,4,5,5,5,5,,,,,0,1,0,1,5,4,In the short term (this month),0,An American military base,Afghanistan,A reward of $3400 this month,0,500,500,Male,0,25,White/Caucasian,4,2,Somewhat Informed,2,Bachelor's degree,4,"$50,001 - $75,000",3,t_AllSet|S1
8,0,0,0,t_AllSet|S1,Accept,1,Reject,0,Accept,1,Reject,0,Accept,1,Reject,0,Accept,1,6,7,6,7,6,7,6,60.068,8.469,5,6,,7,,6,,7,,,,,0,1,0,1,6,7,In the short term (this month),0,An American military base,Afghanistan,A reward of $3400 this month,0,200,800,Male,0,31,Black/African American,1,6,Well Informed,3,Masters degree or higher,5,"$50,001 - $75,000",3,t_AllSet|S1
9,0,0,0,t_AllSet|S1,Accept,1,Accept,1,Accept,1,Accept,1,Accept,1,Reject,0,Reject,0,7,7,7,7,7,7,7,42.135,20.283,1,7,7,7,4,3,,,,,,,1,1,1,2,7,7,In the short term (this month),0,An American military base,Afghanistan,A reward of $3400 this month,0,2000,10000,Female,1,35,White/Caucasian,4,7,Somewhat Informed,2,High school,2,"$25,000 - $50,000",2,t_AllSet|S1
10,0,0,0,t_AllSet|S1,Reject,0,Accept,1,Accept,1,Reject,0,Accept,1,Accept,1,Reject,0,2,6,5,1,5,6,2,188.443,17.5,6,,5,4,,2,7,,,,,,1,2,0,2,5,6,In the short term (this month),0,An American military base,Iran,A reward of $3400 this month,0,200,800,Male,0,30,White/Caucasian,4,7,Very Informed,4,Bachelor's degree,4,"$50,001 - $75,000",3,t_AllSet|S1
11,0,0,0,t_AllSet|S1,Accept,1,Accept,1,Accept,1,Reject,0,Reject,0,Reject,0,Reject,0,6,6,5,4,5,5,6,88.471,18.885,1,6,5,4,,,,,,,,,1,2,0,2,6,7,In the short term (this month),0,An American military base,Afghanistan,A reward of $3800 next month,1,500,2500,Female,1,55,White/Caucasian,4,7,Somewhat Informed,2,Bachelor's degree,4,"More than $100,000",5,t_AllSet|S1
12,0,0,0,t_AllSet|S1,Accept,1,Accept,1,Reject,0,Reject,0,Reject,0,Reject,0,Reject,0,5,4,6,7,7,7,7,184.696,20.106,1,6,5,,,,,,,,,,0,2,0,2,7,5,In the short term (this month),0,An American military base,Afghanistan,A reward of $3800 next month,1,500,5000,Female,1,60,White/Caucasian,4,1,Well Informed,3,Some college,3,"Less than $25,000",1,t_AllSet|S1
13,0,0,0,t_AllSet|S1,Accept,1,Accept,1,Accept,1,Accept,1,Reject,0,Reject,0,Reject,0,7,7,5,4,7,7,7,63.558,13.114,1,7,7,4,4,,,,,,,,0,2,0,2,6,6,In the short term (this month),0,An American military base,Afghanistan,A reward of $3400 this month,0,2000,1000000,Female,1,48,White/Caucasian,4,5,Not Well Informed,1,Some college,3,"$50,001 - $75,000",3,t_AllSet|S1
14,0,0,0,t_AllSet|S1,Accept,1,Accept,1,Accept,1,Reject,0,Reject,0,Reject,0,Reject,0,7,6,5,7,7,7,7,76.421,18.884,1,6,5,4,,,,,,,,,0,0,0,2,5,3,In the short term (this month),0,An American embassy building,Afghanistan,A reward of $3800 next month,1,150,1000,Male,0,49,White/Caucasian,4,5,Well Informed,3,Bachelor's degree,4,"$50,001 - $75,000",3,t_AllSet|S1
15,0,0,0,t_AllSet|S1,Accept,1,Accept,1,Accept,1,Accept,1,Accept,1,Reject,0,Reject,0,6,6,5,5,4,4,4,44.131,8.852,1,6,6,5,5,4,,,,,,,0,0,0,2,6,6,In the short term (this month),0,An American military base,Afghanistan,A reward of $3800 next month,1,150,1000,Male,0,28,White/Caucasian,4,5,Somewhat Informed,2,Some college,3,"$50,001 - $75,000",3,t_AllSet|S1
16,0,0,0,t_AllSet|S1,Accept,1,Accept,1,Accept,1,Accept,1,Reject,0,Reject,0,Reject,0,6,6,5,5,5,6,6,147.18,28.883,1,7,6,5,4,,,,,,,,0,0,0,2,7,3,In the short term (this month),0,An American military base,Afghanistan,A reward of $3800 next month,1,400,3000,Male,0,38,White/Caucasian,4,5,Somewhat Informed,2,Masters degree or higher,5,"$50,001 - $75,000",3,t_AllSet|S1
17,0,0,0,t_AllSet|S1,Accept,1,Accept,1,Accept,1,Accept,1,Accept,1,Accept,1,Reject,0,7,7,7,7,6,6,5,77.223,22.968,1,7,6,6,6,5,5,,,,,,0,0,0,2,6,6,In the short term (this month),0,An American military base,Afghanistan,A reward of $3800 next month,1,200,10000,Male,0,38,White/Caucasian,4,5,Somewhat Informed,2,High school,2,"$50,001 - $75,000",3,t_AllSet|S1
18,0,0,0,t_AllSet|S1,Accept,1,Accept,1,Accept,1,Reject,0,Reject,0,Reject,0,Reject,0,7,6,6,4,4,6,7,193.167,15.863,1,7,7,6,,,,,,,,,0,0,0,2,6,5,In the short term (this month),0,An American military base,Afghanistan,A reward of $3800 next month,1,500,10000,Female,1,31,Black/African American,1,2,Somewhat Informed,2,Some college,3,"$75,001 - $100,000",4,t_AllSet|S1
19,0,0,0,t_AllSet|S1,Accept,1,Accept,1,Accept,1,Accept,1,Reject,0,Reject,0,Reject,0,6,6,5,4,1,1,1,142.054,43.536,1,7,7,7,7,,,,,,,,0,0,0,2,7,5,In the short term (this month),0,An American military base,Afghanistan,A reward of $3800 next month,1,600,10000,Male,0,65,White/Caucasian,4,1,Somewhat Informed,2,Masters degree or higher,5,"$50,001 - $75,000",3,t_AllSet|S1
20,0,0,0,t_AllSet|S1,Accept,1,Accept,1,Accept,1,Reject,0,Reject,0,Reject,0,Reject,0,7,7,6,5,6,7,7,103.191,37.386,1,7,6,4,,,,,,,,,0,0,0,2,6,4,In the short term (this month),0,An American military base,Afghanistan,A reward of $3800 next month,1,1000,10000,Female,1,38,White/Caucasian,4,4,Well Informed,3,Bachelor's degree,4,"$50,001 - $75,000",3,t_AllSet|S1
21,0,0,0,t_AllSet|S1,Accept,1,Accept,1,Accept,1,Reject,0,Reject,0,Reject,0,Reject,0,6,6,5,4,6,7,7,127.392,18.45,1,7,6,5,,,,,,,,,0,0,0,2,6,7,In the short term (this month),0,An American military base,Afghanistan,A reward of $3800 next month,1,1000,10000,Female,1,67,White/Caucasian,4,4,Somewhat Informed,2,Masters degree or higher,5,"Less than $25,000",1,t_AllSet|S1
22,0,0,0,t_AllSet|S1,Accept,1,Accept,1,Accept,1,Accept,1,Reject,0,Reject,0,Reject,0,7,6,6,6,4,3,3,86.573,26.351,1,7,7,5,4,,,,,,,,0,0,0,2,7,6,In the short term (this month),0,An American military base,Afghanistan,A reward of $3400 this month,0,2000,10000,Male,0,23,Hispanic/Latino,2,4,Somewhat Informed,2,Bachelor's degree,4,"Less than $25,000",1,t_AllSet|S1
23,0,0,0,t_AllSet|S1,Accept,1,Accept,1,Accept,1,Reject,0,Reject,0,Reject,0,Reject,0,6,6,6,5,5,4,4,89.973,20.077,1,6,6,6,,,,,,,,,1,1,0,2,7,6,In the short term (this month),0,An American military base,Afghanistan,A reward of $3800 next month,1,150,500,Female,1,37,White/Caucasian,4,5,Somewhat Informed,2,Bachelor's degree,4,"More than $100,000",5,t_AllSet|S1
24,0,0,0,t_AllSet|S1,Accept,1,Accept,1,Accept,1,Accept,1,Accept,1,Accept,1,Reject,0,7,6,5,4,3,2,1,80.011,33.286,1,7,7,6,5,4,4,,,,,,1,1,0,2,5,5,In the short term (this month),0,An American military base,Afghanistan,A reward of $3800 next month,1,175,500,Female,1,62,White/Caucasian,4,2,Not Well Informed,1,Bachelor's degree,4,"More than $100,000",5,t_AllSet|S1
25,0,0,0,t_AllSet|S1,Accept,1,Accept,1,Accept,1,Reject,0,Reject,0,Reject,0,Reject,0,7,7,5,4,4,3,3,90.362,24.592,1,7,6,5,,,,,,,,,1,1,0,2,6,5,In the short term (this month),0,An American military base,Afghanistan,A reward of $3800 next month,1,150,700,Female,1,66,White/Caucasian,4,6,Well Informed,3,Bachelor's degree,4,"$50,001 - $75,000",3,t_AllSet|S1
26,0,0,0,t_AllSet|S1,Accept,1,Accept,1,Reject,0,Accept,1,Accept,1,Accept,1,Accept,1,5,5,2,6,5,6,7,22.741,22.724,6,6,4,,6,6,5,6,,,,,1,1,0,2,6,5,In the long run (next year),1,An American military base,Afghanistan,A reward of $3800 next month,1,200,800,Female,1,29,White/Caucasian,4,6,Well Informed,3,Bachelor's degree,4,"More than $100,000",5,t_AllSet|S1
27,0,0,0,t_AllSet|S1,Accept,1,Accept,1,Accept,1,Reject,0,Reject,0,Reject,0,Reject,0,7,7,6,4,5,6,6,65.962,16.665,1,7,6,5,,,,,,,,,1,1,0,2,6,5,In the short term (this month),0,An American military base,Afghanistan,A reward of $3800 next month,1,200,1000,Female,1,30,White/Caucasian,4,1,Well Informed,3,Masters degree or higher,5,"Less than $25,000",1,t_AllSet|S1
28,0,0,0,t_AllSet|S1,Accept,1,Accept,1,Accept,1,Accept,1,Reject,0,Reject,0,Reject,0,6,6,4,4,5,5,6,77.984,25.765,1,7,6,5,4,,,,,,,,1,1,0,2,7,7,In the short term (this month),0,An American military base,Afghanistan,A reward of $3800 next month,1,300,1000,Female,1,47,White/Caucasian,4,3,Somewhat Informed,2,Some college,3,"$25,000 - $50,000",2,t_AllSet|S1
29,0,0,0,t_AllSet|S1,Accept,1,Accept,1,Accept,1,Accept,1,Reject,0,Reject,0,Reject,0,7,6,5,4,1,1,1,64.232,11.488,1,7,6,5,4,,,,,,,,1,1,0,2,7,5,In the short term (this month),0,An American military base,Afghanistan,A reward of $3800 next month,1,500,1000,Female,1,25,White/Caucasian,4,1,Very Informed,4,Bachelor's degree,4,"$25,000 - $50,000",2,t_AllSet|S1
30,0,0,0,t_AllSet|S1,Accept,1,Accept,1,Accept,1,Reject,0,Reject,0,Reject,0,Reject,0,6,5,4,7,7,7,7,117.173,24.719,1,5,4,3,,,,,,,,,1,1,0,2,7,7,In the short term (this month),0,An American military base,Afghanistan,A reward of $3800 next month,1,500,1000,Male,0,33,White/Caucasian,4,2,Somewhat Informed,2,Masters degree or higher,5,"More than $100,000",5,t_AllSet|S1
31,0,0,0,t_AllSet|S1,Accept,1,Accept,1,Accept,1,Reject,0,Reject,0,Reject,0,Reject,0,7,6,6,4,4,4,7,143.787,24.38,1,7,6,5,,,,,,,,,1,1,0,2,6,5,In the short term (this month),0,An American embassy building,Afghanistan,A reward of $3800 next month,1,300,2000,Female,1,67,White/Caucasian,4,3,Somewhat Informed,2,Some college,3,"$25,000 - $50,000",2,t_AllSet|S1
32,0,0,0,t_AllSet|S1,Accept,1,Reject,0,Reject,0,Reject,0,Reject,0,Reject,0,Reject,0,5,4,4,5,5,6,7,138.318,20.696,1,7,,,,,,,,,,,1,1,0,2,6,6,In the short term (this month),0,An American military base,Afghanistan,A reward of $3800 next month,1,250,2500,Male,0,42,White/Caucasian,4,5,Well Informed,3,Bachelor's degree,4,"More than $100,000",5,t_AllSet|S1
33,0,0,0,t_AllSet|S1,Accept,1,Accept,1,Accept,1,Reject,0,Reject,0,Reject,0,Reject,0,7,6,5,4,4,3,2,149.835,23.72,1,7,6,5,,,,,,,,,1,1,0,2,7,7,In the short term (this month),0,An American military base,Afghanistan,A reward of $3800 next month,1,1000,5000,Male,0,59,White/Caucasian,4,2,Well Informed,3,Bachelor's degree,4,"$25,000 - $50,000",2,t_AllSet|S1
34,0,0,0,t_AllSet|S1,Accept,1,Accept,1,Accept,1,Reject,0,Reject,0,Reject,0,Reject,0,6,4,4,3,3,2,2,100.711,14.272,1,6,4,3,,,,,,,,,1,1,0,2,5,5,In the short term (this month),0,An American military base,Afghanistan,A reward of $3400 this month,0,500,10000,Male,0,33,White/Caucasian,4,5,Somewhat Informed,2,High school,2,"$25,000 - $50,000",2,t_AllSet|S1
35,0,0,0,t_AllSet|S1,Accept,1,Accept,1,Accept,1,Accept,1,Reject,0,Reject,0,Reject,0,6,6,5,5,5,5,5,83.457,17.431,1,6,5,5,4,,,,,,,,1,1,0,2,2,6,In the short term (this month),0,An American military base,Afghanistan,A reward of $3800 next month,1,1000,10000,Male,0,45,White/Caucasian,4,1,Very Informed,4,Bachelor's degree,4,"$25,000 - $50,000",2,t_AllSet|S1
36,0,0,0,t_AllSet|S1,Accept,1,Accept,1,Accept,1,Accept,1,Reject,0,Reject,0,Reject,0,6,5,5,4,6,6,6,75.08,68.664,1,6,6,5,4,,,,,,,,1,1,0,2,5,6,In the short term (this month),0,An American military base,Afghanistan,A reward of $3800 next month,1,1000,10000,Female,1,31,White/Caucasian,4,1,Not Well Informed,1,Some college,3,"$25,000 - $50,000",2,t_AllSet|S1
37,0,0,0,t_AllSet|S1,Accept,1,Accept,1,Reject,0,Reject,0,Reject,0,Reject,0,Reject,0,6,5,3,3,3,3,1,46.697,8.566,1,7,5,,,,,,,,,,1,1,0,2,7,5,In the short term (this month),0,An American military base,Afghanistan,A reward of $3400 this month,0,1000,10000,Male,0,28,White/Caucasian,4,4,Very Informed,4,Some college,3,"$25,000 - $50,000",2,t_AllSet|S1
38,0,0,0,t_AllSet|S1,Accept,1,Accept,1,Reject,0,Reject,0,Reject,0,Reject,0,Reject,0,6,4,1,1,1,1,1,134.682,20.769,1,5,4,,,,,,,,,,1,1,0,2,5,6,In the long run (next year),1,An American military base,Afghanistan,A reward of $3800 next month,1,1200,12000,Female,1,54,White/Caucasian,4,7,Very Informed,4,Masters degree or higher,5,"$75,001 - $100,000",4,t_AllSet|S1
39,0,0,0,t_AllSet|S1,Accept,1,Accept,1,Accept,1,Accept,1,Reject,0,Reject,0,Reject,0,7,7,5,5,6,6,6,130.892,28.568,1,7,6,5,4,,,,,,,,1,1,0,2,7,7,In the short term (this month),0,An American military base,Afghanistan,A reward of $3400 this month,0,1200,12000,Female,1,52,White/Caucasian,4,6,Somewhat Informed,2,Some college,3,"Less than $25,000",1,t_AllSet|S1
40,0,0,0,t_AllSet|S1,Accept,1,Accept,1,Accept,1,Reject,0,Reject,0,Reject,0,Reject,0,6,5,4,7,7,7,7,137.083,30.249,1,6,5,4,,,,,,,,,1,1,0,2,7,6,In the short term (this month),0,An American military base,Afghanistan,A reward of $3800 next month,1,1200,15000,Female,1,51,White/Caucasian,4,2,Somewhat Informed,2,High school,2,"Less than $25,000",1,t_AllSet|S1
41,0,0,0,t_AllSet|S1,Accept,1,Accept,1,Accept,1,Accept,1,Reject,0,Reject,0,Reject,0,7,6,5,5,5,5,6,99.832,22.775,1,7,6,4,4,,,,,,,,1,1,0,2,6,6,In the short term (this month),0,An American military base,Afghanistan,A reward of $3400 this month,0,3000,20000,Male,0,43,White/Caucasian,4,2,Somewhat Informed,2,Bachelor's degree,4,"Less than $25,000",1,t_AllSet|S1
42,0,0,0,t_AllSet|S1,Accept,1,Accept,1,Accept,1,Accept,1,Accept,1,Accept,1,Accept,1,7,6,5,5,4,4,3,109.541,35.848,1,7,7,6,6,5,5,4,,,,,1,1,0,2,7,5,In the short term (this month),0,An American military base,Afghanistan,A reward of $3800 next month,1,5500,500000,Male,0,42,Black/African American,1,6,Well Informed,3,Bachelor's degree,4,"$50,001 - $75,000",3,t_AllSet|S1
43,0,0,0,t_AllSet|S1,Accept,1,Accept,1,Reject,0,Reject,0,Reject,0,Reject,0,Reject,0,4,3,5,5,5,5,5,49.601,8.374,1,5,3,,,,,,,,,,1,1,0,2,7,4,In the short term (this month),0,An American military base,Afghanistan,A reward of $3800 next month,1,50000,1000000,Female,1,28,Other,5,5,Somewhat Informed,2,Some college,3,"$25,000 - $50,000",2,t_AllSet|S1
44,0,0,0,t_AllSet|S1,Accept,1,Accept,1,Reject,0,Reject,0,Reject,0,Reject,0,Reject,0,6,4,6,6,6,6,7,90.902,29.077,1,7,6,,,,,,,,,,0,1,0,2,6,6,In the short term (this month),0,An American military base,Afghanistan,A reward of $3800 next month,1,200,1000,Female,1,60,Hispanic/Latino,2,2,Well Informed,3,Bachelor's degree,4,"$25,000 - $50,000",2,t_AllSet|S1
45,0,0,0,t_AllSet|S1,Accept,1,Accept,1,Accept,1,Accept,1,Accept,1,Accept,1,Accept,1,7,6,5,4,3,2,1,46.447,18.287,1,7,6,5,4,3,2,1,,,,,1,2,0,0,5,5,In the short term (this month),0,An American military base,Afghanistan,A reward of $3800 next month,1,105,300,Female,1,25,White/Caucasian,4,4,Well Informed,3,Bachelor's degree,4,"$25,000 - $50,000",2,t_AllSet|S1
46,0,0,0,t_AllSet|S1,Accept,1,Accept,1,Accept,1,Accept,1,Accept,1,Accept,1,Accept,1,7,6,7,6,6,7,5,92.363,27.533,1,7,6,7,6,7,6,5,,,,,1,2,0,0,6,6,In the short term (this month),0,An American military base,Afghanistan,A reward of $3400 this month,0,200,800,Male,0,50,Hispanic/Latino,2,5,Well Informed,3,Bachelor's degree,4,"$25,000 - $50,000",2,t_AllSet|S1
47,0,0,0,t_AllSet|S1,Accept,1,Accept,1,Accept,1,Accept,1,Reject,0,Accept,1,Reject,0,5,4,5,5,7,7,7,150.434,48.876,1,7,6,7,7,,6,,,,,,1,2,0,0,7,5,In the long run (next year),1,An American embassy building,Afghanistan,A reward of $3400 this month,0,200,1000,Female,1,26,White/Caucasian,4,1,Very Informed,4,Bachelor's degree,4,"$75,001 - $100,000",4,t_AllSet|S1
48,0,0,0,t_AllSet|S1,Accept,1,Accept,1,Accept,1,Accept,1,Reject,0,Reject,0,Reject,0,7,7,7,7,4,4,4,488.998,748.905,1,7,7,5,4,,,,,,,,1,2,0,0,6,4,In the short term (this month),0,An American military base,Afghanistan,A reward of $3800 next month,1,200,10000,Male,0,31,Black/African American,1,4,Somewhat Informed,2,Bachelor's degree,4,"$50,001 - $75,000",3,t_AllSet|S1
49,0,0,0,t_AllSet|S1,Accept,1,Accept,1,Reject,0,Reject,0,Reject,0,Reject,0,Reject,0,7,6,4,4,4,4,4,40.726,9.879,1,7,6,,,,,,,,,,1,2,0,0,5,4,In the short term (this month),0,An American military base,Afghanistan,A reward of $3800 next month,1,400,10000,Male,0,42,White/Caucasian,4,5,Somewhat Informed,2,Some college,3,"Less than $25,000",1,t_AllSet|S1
50,0,0,0,t_AllSet|S1,Accept,1,Accept,1,Accept,1,Reject,0,Reject,0,Reject,0,Reject,0,6,6,4,6,6,6,6,201.872,55.178,1,6,5,4,,,,,,,,,0,2,0,0,6,6,In the short term (this month),0,An American military base,Afghanistan,A reward of $3800 next month,1,800,2000,Female,1,38,White/Caucasian,4,1,Somewhat Informed,2,Masters degree or higher,5,"Less than $25,000",1,t_AllSet|S1
51,0,0,0,t_AllSet|S1,Accept,1,Accept,1,Reject,0,Reject,0,Reject,0,Reject,0,Reject,0,7,7,7,7,7,7,7,74.135,11.445,1,7,4,,,,,,,,,,0,0,0,0,6,4,In the short term (this month),0,An American military base,Afghanistan,A reward of $3800 next month,1,110,200,Male,0,35,White/Caucasian,4,1,Very Informed,4,Bachelor's degree,4,"$50,001 - $75,000",3,t_AllSet|S1
52,0,0,0,t_AllSet|S1,Reject,0,Reject,0,Reject,0,Reject,0,Reject,0,Reject,0,Reject,0,7,7,7,7,7,7,7,125.383,,,,,,,,,,,,,,0,0,0,0,7,7,In the short term (this month),0,An American military base,Afghanistan,A reward of $3800 next month,1,125,200,Male,0,38,White/Caucasian,4,3,Well Informed,3,Masters degree or higher,5,"$75,001 - $100,000",4,t_AllSet|S1
53,0,0,0,t_AllSet|S1,Reject,0,Reject,0,Reject,0,Reject,0,Reject,0,Reject,0,Reject,0,7,7,7,7,7,7,7,163.374,,,,,,,,,,,,,,0,0,0,0,1,7,In the short term (this month),0,An American military base,Afghanistan,A reward of $3800 next month,1,110,300,Male,0,68,White/Caucasian,4,4,Not Well Informed,1,Bachelor's degree,4,"$25,000 - $50,000",2,t_AllSet|S1
54,0,0,0,t_AllSet|S1,Accept,1,Accept,1,Accept,1,Accept,1,Accept,1,Reject,0,Reject,0,7,6,5,4,4,5,5,109.375,19.797,1,7,6,5,4,3,,,,,,,0,0,0,0,6,6,In the short term (this month),0,An American embassy building,Afghanistan,A reward of $3800 next month,1,115,300,Female,1,33,White/Caucasian,4,3,Very Informed,4,Some college,3,"Less than $25,000",1,t_AllSet|S1
55,0,0,0,t_AllSet|S1,Accept,1,Accept,1,Accept,1,Reject,0,Reject,0,Reject,0,Reject,0,7,7,6,6,7,7,7,72.814,22.137,1,7,7,6,,,,,,,,,0,0,0,0,6,6,In the short term (this month),0,An American military base,Afghanistan,A reward of $3800 next month,1,130,300,Male,0,44,White/Caucasian,4,4,Very Informed,4,Masters degree or higher,5,"$75,001 - $100,000",4,t_AllSet|S1
56,0,0,0,t_AllSet|S1,Accept,1,Accept,1,Reject,0,Reject,0,Reject,0,Reject,0,Reject,0,6,6,5,5,5,5,5,22.953,38.646,1,6,5,,,,,,,,,,0,0,0,0,6,5,In the short term (this month),0,An American military base,Afghanistan,A reward of $3800 next month,1,500,500,Male,0,30,Asian,3,2,Very Informed,4,Bachelor's degree,4,"$75,001 - $100,000",4,t_AllSet|S1
57,0,0,0,t_AllSet|S1,Accept,1,Accept,1,Accept,1,Accept,1,Accept,1,Accept,1,Accept,1,7,6,7,6,6,7,7,44.85,20.001,1,7,6,5,6,7,7,7,,,,,0,0,0,0,7,6,In the short term (this month),0,An American military base,Iran,A reward of $3400 this month,0,200,800,Female,1,45,Black/African American,1,7,Very Informed,4,Bachelor's degree,4,"$50,001 - $75,000",3,t_AllSet|S1
58,0,0,0,t_AllSet|S1,Accept,1,Accept,1,Accept,1,Accept,1,Accept,1,Accept,1,Reject,0,6,5,6,7,6,7,6,48.385,13.698,1,5,6,7,6,5,6,,,,,,0,0,0,0,6,7,In the short term (this month),0,An American military base,Iran,A reward of $3400 this month,0,200,800,Female,1,41,Black/African American,1,6,Very Informed,4,Masters degree or higher,5,"$50,001 - $75,000",3,t_AllSet|S1
59,0,0,0,t_AllSet|S1,Accept,1,Accept,1,Reject,0,Reject,0,Reject,0,Reject,0,Reject,0,7,3,7,7,7,7,7,138.655,107.584,1,7,3,,,,,,,,,,0,0,0,0,7,7,In the short term (this month),0,An American military base,Afghanistan,A reward of $3800 next month,1,200,1000,Male,0,55,Black/African American,1,7,Well Informed,3,Some college,3,"Less than $25,000",1,t_AllSet|S1
60,0,0,0,t_AllSet|S1,Accept,1,Accept,1,Accept,1,Accept,1,Accept,1,Accept,1,Accept,1,4,4,4,4,4,4,4,25.925,12.429,2,4,4,4,4,4,4,4,,,,,0,0,0,0,4,4,In the short term (this month),0,An American military base,Iran,A reward of $3400 this month,0,1000,1000,Female,1,35,Asian,3,7,Well Informed,3,High school,2,"$25,000 - $50,000",2,t_AllSet|S1
61,0,0,0,t_AllSet|S1,Accept,1,Accept,1,Reject,0,Reject,0,Reject,0,Reject,0,Reject,0,7,7,7,7,7,7,7,39.269,11.196,1,7,5,,,,,,,,,,0,0,0,0,7,5,In the short term (this month),0,An American military base,Afghanistan,A reward of $3400 this month,0,500,5000,Female,1,24,Asian,3,1,Not Well Informed,1,Bachelor's degree,4,"$75,001 - $100,000",4,t_AllSet|S1
62,0,0,0,t_AllSet|S1,Accept,1,Accept,1,Accept,1,Accept,1,Accept,1,Accept,1,Accept,1,7,7,7,7,7,7,7,56.918,19.197,1,7,7,7,7,7,7,7,,,,,0,0,0,0,7,7,In the short term (this month),0,An American military base,Afghanistan,A reward of $3800 next month,1,500,10000,Male,0,54,White/Caucasian,4,4,Somewhat Informed,2,Some college,3,"$25,000 - $50,000",2,t_AllSet|S1
63,0,0,0,t_AllSet|S1,Accept,1,Accept,1,Accept,1,Reject,0,Reject,0,Reject,0,Reject,0,7,7,5,4,5,6,7,75.232,17.686,1,7,6,4,,,,,,,,,0,0,0,0,7,6,In the short term (this month),0,An American military base,Afghanistan,A reward of $3800 next month,1,1000,10000,Male,0,50,Black/African American,1,1,Somewhat Informed,2,Bachelor's degree,4,"More than $100,000",5,t_AllSet|S1
64,0,0,0,t_AllSet|S1,Accept,1,Accept,1,Accept,1,Reject,0,Reject,0,Reject,0,Reject,0,1,1,1,1,1,1,1,35.936,13.839,1,1,1,1,,,,,,,,,0,0,0,0,1,6,In the short term (this month),0,An American military base,Afghanistan,A reward of $3800 next month,1,3000,50000,Male,0,52,White/Caucasian,4,4,Somewhat Informed,2,Bachelor's degree,4,"Less than $25,000",1,t_AllSet|S1
65,0,0,0,t_AllSet|S1,Accept,1,Accept,1,Accept,1,Accept,1,Accept,1,Accept,1,Reject,0,7,6,5,4,3,3,1,56.383,103.891,1,7,6,5,4,3,2,,,,,,0,0,0,0,7,6,In the short term (this month),0,An American military base,Afghanistan,A reward of $3400 this month,0,20000,50000,Female,1,24,Black/African American,1,1,Very Informed,4,Bachelor's degree,4,"$25,000 - $50,000",2,t_AllSet|S1
66,0,0,0,t_AllSet|S1,Accept,1,Accept,1,Accept,1,Accept,1,Reject,0,Reject,0,Reject,0,7,7,7,7,7,7,7,74.017,14.995,1,7,6,5,4,,,,,,,,0,0,0,0,3,4,In the short term (this month),0,An American military base,Afghanistan,A reward of $3400 this month,0,10000,100000,Female,1,24,White/Caucasian,4,5,Somewhat Informed,2,High school,2,"More than $100,000",5,t_AllSet|S1
67,0,0,0,t_AllSet|S1,Accept,1,Accept,1,Accept,1,Accept,1,Reject,0,Reject,0,Reject,0,4,4,4,4,3,3,3,48.812,146.317,1,5,4,3,3,,,,,,,,1,1,0,0,6,6,In the long run (next year),1,An American military base,Afghanistan,A reward of $3800 next month,1,200,200,Female,1,38,Black/African American,1,4,Somewhat Informed,2,Some college,3,"$25,000 - $50,000",2,t_AllSet|S1
68,0,0,0,t_AllSet|S1,Accept,1,Accept,1,Accept,1,Reject,0,Reject,0,Reject,0,Reject,0,6,6,5,3,6,6,7,75.979,34.468,1,5,4,2,,,,,,,,,1,1,0,0,7,6,In the short term (this month),0,An American military base,Iran,A reward of $3800 next month,1,125,300,Male,0,22,White/Caucasian,4,3,Well Informed,3,Bachelor's degree,4,"$50,001 - $75,000",3,t_AllSet|S1
69,0,0,0,t_AllSet|S1,Accept,1,Accept,1,Accept,1,Accept,1,Accept,1,Reject,0,Reject,0,5,6,5,3,4,2,4,73.913,20.429,2,4,5,6,6,5,,,,,,,1,1,0,0,5,6,In the short term (this month),0,An American military base,Afghanistan,A reward of $3400 this month,0,200,800,Female,1,38,White/Caucasian,4,6,Well Informed,3,Bachelor's degree,4,"$25,000 - $50,000",2,t_AllSet|S1
70,0,0,0,t_AllSet|S1,Accept,1,Accept,1,Accept,1,Accept,1,Reject,0,Reject,0,Reject,0,6,5,4,3,2,1,1,22.024,8.566,1,7,5,3,1,,,,,,,,1,1,0,0,6,6,In the short term (this month),0,An American military base,Afghanistan,A reward of $3800 next month,1,150,1000,Male,0,32,White/Caucasian,4,4,Well Informed,3,Masters degree or higher,5,"$75,001 - $100,000",4,t_AllSet|S1
71,0,0,0,t_AllSet|S1,Accept,1,Accept,1,Accept,1,Accept,1,Reject,0,Reject,0,Reject,0,6,6,5,5,4,6,6,87.497,24.83,1,6,5,5,4,,,,,,,,1,1,0,0,6,5,In the short term (this month),0,An American military base,Afghanistan,A reward of $3800 next month,1,200,1000,Female,1,35,White/Caucasian,4,4,Somewhat Informed,2,Bachelor's degree,4,"$75,001 - $100,000",4,t_AllSet|S1
72,0,0,0,t_AllSet|S1,Accept,1,Accept,1,Accept,1,Accept,1,Reject,0,Reject,0,Reject,0,4,4,3,3,2,2,2,115.802,79.228,1,5,5,4,3,,,,,,,,1,1,0,0,7,6,In the short term (this month),0,An American military base,Afghanistan,A reward of $3800 next month,1,200,1000,Female,1,27,White/Caucasian,4,5,Somewhat Informed,2,Masters degree or higher,5,"$75,001 - $100,000",4,t_AllSet|S1
73,0,0,0,t_AllSet|S1,Reject,0,Accept,1,Accept,1,Accept,1,Reject,0,Reject,0,Reject,0,7,7,6,5,4,4,4,60.636,50.257,2,,7,4,3,,,,,,,,1,1,0,0,6,6,In the long run (next year),1,An American military base,Afghanistan,A reward of $3800 next month,1,300,1000,Female,1,26,Other,5,3,Somewhat Informed,2,Bachelor's degree,4,"Less than $25,000",1,t_AllSet|S1
74,0,0,0,t_AllSet|S1,Accept,1,Accept,1,Accept,1,Accept,1,Reject,0,Reject,0,Reject,0,6,5,4,4,4,3,3,84.125,19.21,2,5,6,5,4,,,,,,,,1,1,0,0,6,5,In the short term (this month),0,An American military base,Afghanistan,A reward of $3800 next month,1,500,1500,Male,0,21,Hispanic/Latino,2,5,Somewhat Informed,2,Some college,3,"$25,000 - $50,000",2,t_AllSet|S1
75,0,0,0,t_AllSet|S1,Accept,1,Accept,1,Accept,1,Accept,1,Accept,1,Reject,0,Reject,0,4,5,4,5,5,3,3,61.577,29.384,1,5,5,5,5,4,,,,,,,1,1,0,0,6,6,In the short term (this month),0,An American military base,Afghanistan,A reward of $3800 next month,1,300,2000,Male,0,40,White/Caucasian,4,3,Somewhat Informed,2,High school,2,"$25,000 - $50,000",2,t_AllSet|S1
76,0,0,0,t_AllSet|S1,Accept,1,Reject,0,Accept,1,Accept,1,Accept,1,Accept,1,Accept,1,1,1,2,2,3,3,4,97.96,65.588,1,7,,6,5,5,4,3,,,,,1,1,0,0,5,5,In the long run (next year),1,An American military base,Afghanistan,A reward of $3800 next month,1,500,2000,Female,1,46,White/Caucasian,4,7,Somewhat Informed,2,High school,2,"$50,001 - $75,000",3,t_AllSet|S1
77,0,0,0,t_AllSet|S1,Accept,1,Accept,1,Accept,1,Accept,1,Reject,0,Reject,0,Reject,0,7,7,4,4,5,5,5,92.699,26.705,1,7,7,5,5,,,,,,,,1,1,0,0,7,6,In the short term (this month),0,An American military base,Afghanistan,A reward of $3400 this month,0,500,2500,Female,1,54,White/Caucasian,4,1,Somewhat Informed,2,High school,2,"Less than $25,000",1,t_AllSet|S1
78,0,0,0,t_AllSet|S1,Accept,1,Accept,1,Accept,1,Accept,1,Reject,0,Reject,0,Reject,0,7,7,6,6,5,6,7,30.44,17.919,1,7,6,6,5,,,,,,,,1,1,0,0,7,7,In the long run (next year),1,An American military base,Afghanistan,A reward of $3400 this month,0,1000,3500,Female,1,27,Other,5,2,Somewhat Informed,2,Some college,3,"$50,001 - $75,000",3,t_AllSet|S1
79,0,0,0,t_AllSet|S1,Accept,1,Accept,1,Reject,0,Reject,0,Reject,0,Reject,0,Reject,0,6,5,4,3,2,5,3,102.648,34.772,1,6,4,,,,,,,,,,1,1,0,0,7,6,In the short term (this month),0,An American military base,Afghanistan,A reward of $3800 next month,1,500,5000,Male,0,65,White/Caucasian,4,7,Well Informed,3,Some college,3,"$25,000 - $50,000",2,t_AllSet|S1
80,0,0,0,t_AllSet|S1,Accept,1,Accept,1,Accept,1,Accept,1,Reject,0,Reject,0,Reject,0,7,7,7,7,5,6,7,34.952,21.883,1,7,7,6,5,,,,,,,,1,1,0,0,7,7,In the short term (this month),0,An American military base,Afghanistan,A reward of $3400 this month,0,1000,5000,Male,0,26,White/Caucasian,4,1,Very Informed,4,Some college,3,"Less than $25,000",1,t_AllSet|S1
81,0,0,0,t_AllSet|S1,Accept,1,Accept,1,Reject,0,Reject,0,Reject,0,Reject,0,Reject,0,4,4,4,4,4,4,4,276.707,33.901,1,5,4,,,,,,,,,,1,1,0,0,4,4,In the long run (next year),1,An American military base,Afghanistan,A reward of $3800 next month,1,200,10000,Male,0,31,White/Caucasian,4,4,Not Well Informed,1,Bachelor's degree,4,"$75,001 - $100,000",4,t_AllSet|S1
82,0,0,0,t_AllSet|S1,Accept,1,Accept,1,Accept,1,Accept,1,Accept,1,Reject,0,Reject,0,6,6,5,4,4,6,6,64.629,23.901,1,7,6,5,5,4,,,,,,,1,1,0,0,5,4,In the short term (this month),0,An American military base,Afghanistan,A reward of $3800 next month,1,200,10000,Male,0,48,White/Caucasian,4,3,Somewhat Informed,2,Masters degree or higher,5,"$75,001 - $100,000",4,t_AllSet|S1
83,0,0,0,t_AllSet|S1,Accept,1,Reject,0,Reject,0,Reject,0,Reject,0,Reject,0,Reject,0,7,4,4,7,7,7,7,64.125,17.703,1,7,,,,,,,,,,,1,1,0,0,4,6,In the short term (this month),0,An American military base,Afghanistan,A reward of $3800 next month,1,200,10000,Male,0,39,White/Caucasian,4,2,Very Informed,4,Bachelor's degree,4,"More than $100,000",5,t_AllSet|S1
84,0,0,0,t_AllSet|S1,Accept,1,Accept,1,Accept,1,Accept,1,Reject,0,Reject,0,Reject,0,6,6,5,5,4,4,4,152.558,29.303,1,6,5,4,3,,,,,,,,1,1,0,0,3,5,In the short term (this month),0,An American military base,Afghanistan,A reward of $3400 this month,0,500,10000,Female,1,66,White/Caucasian,4,7,Well Informed,3,Bachelor's degree,4,"$25,000 - $50,000",2,t_AllSet|S1
85,0,0,0,t_AllSet|S1,Accept,1,Accept,1,Accept,1,Accept,1,Reject,0,Reject,0,Reject,0,6,6,6,5,4,4,4,69.117,14.391,1,6,5,4,4,,,,,,,,1,1,0,0,6,4,In the short term (this month),0,An American military base,Afghanistan,A reward of $3800 next month,1,500,10000,Male,0,34,White/Caucasian,4,1,Not Well Informed,1,Masters degree or higher,5,"$75,001 - $100,000",4,t_AllSet|S1
86,0,0,0,t_AllSet|S1,Accept,1,Accept,1,Accept,1,Accept,1,Accept,1,Reject,0,Reject,0,7,7,6,6,4,3,3,83.842,14.548,1,7,7,6,6,3,,,,,,,1,1,0,0,7,6,In the short term (this month),0,An American military base,Afghanistan,A reward of $3800 next month,1,1000,10000,Female,1,33,Black/African American,1,2,Well Informed,3,Some college,3,"$25,000 - $50,000",2,t_AllSet|S1
87,0,0,0,t_AllSet|S1,Accept,1,Accept,1,Accept,1,Reject,0,Reject,0,Reject,0,Reject,0,6,6,5,5,4,3,3,163.406,9.961,1,6,5,4,,,,,,,,,1,1,0,0,6,6,In the short term (this month),0,An American military base,Afghanistan,A reward of $3800 next month,1,1000,10000,Female,1,25,White/Caucasian,4,1,Somewhat Informed,2,Masters degree or higher,5,"$50,001 - $75,000",3,t_AllSet|S1
88,0,0,0,t_AllSet|S1,Accept,1,Accept,1,Accept,1,Accept,1,Accept,1,Accept,1,Reject,0,6,5,5,4,4,3,1,115.284,34.955,1,6,6,5,5,4,3,,,,,,1,1,0,0,4,4,In the long run (next year),1,An American military base,Afghanistan,A reward of $3800 next month,1,1000,10000,Female,1,47,Hispanic/Latino,2,3,Well Informed,3,Bachelor's degree,4,"Less than $25,000",1,t_AllSet|S1
89,0,0,0,t_AllSet|S1,Accept,1,Accept,1,Accept,1,Accept,1,Reject,0,Reject,0,Reject,0,5,5,5,4,4,4,3,126.442,21.943,1,6,4,3,2,,,,,,,,1,1,0,0,6,6,In the short term (this month),0,An American military base,Afghanistan,A reward of $3800 next month,1,1000,10000,Female,1,49,White/Caucasian,4,2,Not Well Informed,1,High school,2,"Less than $25,000",1,t_AllSet|S1
90,0,0,0,t_AllSet|S1,Accept,1,Accept,1,Accept,1,Accept,1,Reject,0,Reject,0,Reject,0,6,6,5,5,4,4,4,226.881,18.522,1,7,7,6,5,,,,,,,,1,1,0,0,7,6,In the short term (this month),0,An American military base,Afghanistan,A reward of $3800 next month,1,1000,10000,Male,0,46,White/Caucasian,4,1,Somewhat Informed,2,Bachelor's degree,4,"More than $100,000",5,t_AllSet|S1
91,0,0,0,t_AllSet|S1,Accept,1,Accept,1,Accept,1,Accept,1,Reject,0,Reject,0,Reject,0,6,6,5,4,6,6,7,29.89,10.348,1,7,6,5,5,,,,,,,,1,1,0,0,7,7,In the short term (this month),0,An American military base,Afghanistan,A reward of $3800 next month,1,2000,10000,Male,0,21,White/Caucasian,4,4,Well Informed,3,Some college,3,"$25,000 - $50,000",2,t_AllSet|S1
92,0,0,0,t_AllSet|S1,Accept,1,Accept,1,Reject,0,Reject,0,Reject,0,Accept,1,Reject,0,4,5,3,4,6,6,2,75.78,24.259,2,2,4,,,,6,,,,,,1,1,0,0,5,5,In the short term (this month),0,An American military base,Afghanistan,A reward of $3800 next month,1,5000,20000,Female,1,35,White/Caucasian,4,1,Somewhat Informed,2,Some college,3,"$25,000 - $50,000",2,t_AllSet|S1
93,0,0,0,t_AllSet|S1,Accept,1,Accept,1,Accept,1,Reject,0,Reject,0,Reject,0,Reject,0,6,5,5,5,6,6,7,70.658,23.31,1,6,5,4,,,,,,,,,1,1,0,0,3,5,In the short term (this month),0,An American embassy building,Afghanistan,A reward of $3800 next month,1,1000,30000,Male,0,31,White/Caucasian,4,1,Well Informed,3,Bachelor's degree,4,"More than $100,000",5,t_AllSet|S1
94,0,0,0,t_AllSet|S1,Accept,1,Accept,1,Accept,1,Accept,1,Reject,0,Reject,0,Reject,0,7,6,5,4,5,5,7,146.692,13.399,1,7,6,5,4,,,,,,,,1,1,0,0,7,4,In the short term (this month),0,An American military base,Afghanistan,A reward of $3800 next month,1,3000,100000,Male,0,23,White/Caucasian,4,4,Well Informed,3,Some college,3,"$25,000 - $50,000",2,t_AllSet|S1
95,0,0,0,t_AllSet|S1,Accept,1,Accept,1,Reject,0,Accept,1,Reject,0,Accept,1,Reject,0,6,5,6,7,6,5,6,66.087,21.723,2,4,5,,6,,5,,,,,,1,1,0,0,7,6,In the short term (this month),0,An American military base,Iran,A reward of $3800 next month,1,5500,100000,Male,0,33,White/Caucasian,4,7,Well Informed,3,Some college,3,"$25,000 - $50,000",2,t_AllSet|S1
96,0,0,0,t_AllSet|S1,Accept,1,Reject,0,Accept,1,Accept,1,Reject,0,Reject,0,Accept,1,5,4,4,4,5,4,4,135.265,31.208,1,5,,2,5,,,5,,,,,1,1,0,0,7,7,In the short term (this month),0,An American military base,Afghanistan,A reward of $3400 this month,0,100000,1000000,Male,0,48,White/Caucasian,4,5,Somewhat Informed,2,Bachelor's degree,4,"More than $100,000",5,t_AllSet|S1
97,0,0,0,t_AllSet|S1,Accept,1,Accept,1,Accept,1,Accept,1,Reject,0,Reject,0,Reject,0,7,7,6,6,5,4,4,45.621,12.446,2,6,7,6,5,,,,,,,,0,1,0,0,6,5,In the long run (next year),1,An American military base,Iran,A reward of $3800 next month,1,200,800,Male,0,30,Black/African American,1,7,Well Informed,3,Masters degree or higher,5,"$50,001 - $75,000",3,t_AllSet|S1
98,0,0,0,t_AllSet|S1,Accept,1,Accept,1,Accept,1,Accept,1,Accept,1,Accept,1,Accept,1,7,6,6,5,5,4,2,264.562,27.398,1,7,5,5,4,4,2,2,,,,,0,1,0,0,7,6,In the short term (this month),0,An American military base,Afghanistan,A reward of $3800 next month,1,200,1000,Female,1,46,White/Caucasian,4,6,Well Informed,3,Some college,3,"$50,001 - $75,000",3,t_AllSet|S1
99,1,0,0,t_AllSet|S2,Accept,1,Accept,1,Accept,1,Reject,0,Reject,0,Reject,0,Reject,0,6,6,5,4,4,5,5,21.235,3.584,2,4,4,5,,,,,,,,,0,1,1,2,5,4,In the short term (this month),0,An American embassy building,Afghanistan,A reward of $3400 this month,0,200,800,Male,0,25,White/Caucasian,4,3,Somewhat Informed,2,Bachelor's degree,4,"$25,000 - $50,000",2,t_AllSet|S2
100,1,0,0,t_AllSet|S2,Reject,0,Accept,1,Reject,0,Reject,0,Accept,1,Reject,0,Reject,0,3,4,2,6,3,4,4,209.066,3.685,5,,3,,,5,,,,,,,1,0,1,2,2,3,In the long run (next year),1,An American military base,Afghanistan,A reward of $3800 next month,1,200,200,Male,0,35,White/Caucasian,4,2,Somewhat Informed,2,Bachelor's degree,4,"Less than $25,000",1,t_AllSet|S2
101,1,0,0,t_AllSet|S2,Accept,1,Accept,1,Accept,1,Accept,1,Accept,1,Accept,1,Accept,1,7,6,5,4,3,2,1,67.238,23.473,1,7,6,5,4,3,2,1,,,,,1,1,0,2,7,7,In the long run (next year),1,An American military base,Afghanistan,A reward of $3800 next month,1,105,110,Female,1,60,White/Caucasian,4,1,Somewhat Informed,2,Masters degree or higher,5,"More than $100,000",5,t_AllSet|S2
102,1,0,0,t_AllSet|S2,Accept,1,Accept,1,Accept,1,Reject,0,Reject,0,Reject,0,Reject,0,1,2,3,4,5,6,7,77.983,17.023,1,7,6,5,,,,,,,,,1,1,0,2,5,6,In the long run (next year),1,An American military base,Afghanistan,A reward of $3800 next month,1,105,200,Male,0,53,White/Caucasian,4,3,Somewhat Informed,2,Some college,3,"Less than $25,000",1,t_AllSet|S2
103,1,0,0,t_AllSet|S2,Accept,1,Accept,1,Accept,1,Accept,1,Reject,0,Reject,0,Reject,0,6,5,5,4,3,3,3,68.885,15.625,1,6,6,5,4,,,,,,,,1,1,0,2,6,5,In the long run (next year),1,An American military base,Afghanistan,A reward of $3800 next month,1,150,500,Female,1,27,White/Caucasian,4,2,Not Well Informed,1,Some college,3,"$25,000 - $50,000",2,t_AllSet|S2
104,1,0,0,t_AllSet|S2,Reject,0,Reject,0,Reject,0,Accept,1,Accept,1,Accept,1,Accept,1,5,5,4,5,5,6,7,113.662,92.002,7,,,,5,5,6,7,,,,,1,1,0,2,5,5,In the long run (next year),1,An American military base,Afghanistan,A reward of $3800 next month,1,300,700,Male,0,25,White/Caucasian,4,4,Well Informed,3,Bachelor's degree,4,"Less than $25,000",1,t_AllSet|S2
105,1,0,0,t_AllSet|S2,Accept,1,Accept,1,Accept,1,Accept,1,Accept,1,Accept,1,Accept,1,4,6,4,2,6,4,6,27.801,15.547,2,2,2,4,5,5,6,6,,,,,1,1,0,2,4,5,In the short term (this month),0,An American military base,Iran,A reward of $3400 this month,0,200,800,Male,0,20,Black/African American,1,4,Well Informed,3,Bachelor's degree,4,"$25,000 - $50,000",2,t_AllSet|S2
106,1,0,0,t_AllSet|S2,Accept,1,Accept,1,Accept,1,Reject,0,Reject,0,Reject,0,Reject,0,7,6,5,4,5,5,7,117.941,31.16,1,4,4,4,,,,,,,,,1,1,0,2,6,7,In the long run (next year),1,An American military base,Afghanistan,A reward of $3800 next month,1,200,800,Male,0,39,White/Caucasian,4,4,Not Well Informed,1,Masters degree or higher,5,"More than $100,000",5,t_AllSet|S2
107,1,0,0,t_AllSet|S2,Accept,1,Accept,1,Accept,1,Accept,1,Reject,0,Reject,0,Reject,0,7,7,7,7,3,3,3,69.139,12.606,1,7,6,5,4,,,,,,,,1,1,0,2,5,5,In the short term (this month),0,An American military base,Afghanistan,A reward of $3800 next month,1,150,1000,Male,0,24,White/Caucasian,4,3,Well Informed,3,Bachelor's degree,4,"$50,001 - $75,000",3,t_AllSet|S2
108,1,0,0,t_AllSet|S2,Accept,1,Accept,1,Accept,1,Reject,0,Reject,0,Reject,0,Reject,0,6,6,6,4,5,6,7,483.378,106.974,1,7,6,5,,,,,,,,,1,1,0,2,6,5,In the short term (this month),0,An American military base,Afghanistan,A reward of $3800 next month,1,200,1000,Female,1,60,Asian,3,4,Not Well Informed,1,Bachelor's degree,4,"$25,000 - $50,000",2,t_AllSet|S2
109,1,0,0,t_AllSet|S2,Accept,1,Accept,1,Accept,1,Accept,1,Reject,0,Reject,0,Reject,0,7,6,5,5,1,1,1,54.335,12.614,1,7,6,5,5,,,,,,,,1,1,0,2,6,5,In the long run (next year),1,An American military base,Afghanistan,A reward of $3800 next month,1,200,1000,Male,0,24,Hispanic/Latino,2,1,Well Informed,3,Bachelor's degree,4,"$50,001 - $75,000",3,t_AllSet|S2
110,1,0,0,t_AllSet|S2,Accept,1,Accept,1,Accept,1,Accept,1,Accept,1,Accept,1,Reject,0,7,7,7,6,6,6,6,366.616,205.634,1,6,5,6,5,6,6,,,,,,1,1,0,2,7,7,In the long run (next year),1,An American military base,Afghanistan,A reward of $3400 this month,0,200,1000,Female,1,31,Black/African American,1,7,Somewhat Informed,2,Bachelor's degree,4,"More than $100,000",5,t_AllSet|S2
111,1,0,0,t_AllSet|S2,Accept,1,Accept,1,Accept,1,Accept,1,Reject,0,Reject,0,Reject,0,6,5,4,4,3,3,3,54.448,15.098,1,6,6,5,5,,,,,,,,1,1,0,2,2,5,In the long run (next year),1,An American military base,Afghanistan,A reward of $3800 next month,1,500,1000,Female,1,31,White/Caucasian,4,2,Somewhat Informed,2,Bachelor's degree,4,"$50,001 - $75,000",3,t_AllSet|S2
112,1,0,0,t_AllSet|S2,Accept,1,Accept,1,Accept,1,Reject,0,Reject,0,Reject,0,Reject,0,7,6,6,5,5,5,6,130.265,64.633,1,6,5,2,,,,,,,,,1,1,0,2,6,6,In the long run (next year),1,An American embassy building,Afghanistan,A reward of $3800 next month,1,500,1000,Female,1,23,White/Caucasian,4,3,Somewhat Informed,2,High school,2,"$50,001 - $75,000",3,t_AllSet|S2
113,1,0,0,t_AllSet|S2,Accept,1,Accept,1,Accept,1,Accept,1,Reject,0,Reject,0,Reject,0,7,7,7,7,7,7,7,46.05,9.064,1,7,7,6,5,,,,,,,,1,1,0,2,7,6,In the short term (this month),0,An American military base,Afghanistan,A reward of $3400 this month,0,300,1500,Male,0,27,White/Caucasian,4,7,Somewhat Informed,2,High school,2,"Less than $25,000",1,t_AllSet|S2
114,1,0,0,t_AllSet|S2,Accept,1,Accept,1,Accept,1,Accept,1,Reject,0,Reject,0,Reject,0,7,7,6,5,5,7,7,140.322,23.532,1,7,6,5,4,,,,,,,,1,1,0,2,7,6,In the short term (this month),0,An American military base,Iran,A reward of $3800 next month,1,500,2500,Female,1,24,Hispanic/Latino,2,1,Somewhat Informed,2,Bachelor's degree,4,"$50,001 - $75,000",3,t_AllSet|S2
115,1,0,0,t_AllSet|S2,Reject,0,Reject,0,Reject,0,Reject,0,Accept,1,Accept,1,Accept,1,4,4,4,4,5,5,5,52.948,27.342,7,,,,,3,3,4,,,,,1,1,0,2,4,4,In the short term (this month),0,An American military base,Afghanistan,A reward of $3400 this month,0,400,4000,Female,1,49,Hispanic/Latino,2,5,Somewhat Informed,2,Masters degree or higher,5,"More than $100,000",5,t_AllSet|S2
116,1,0,0,t_AllSet|S2,Accept,1,Accept,1,Accept,1,Reject,0,Reject,0,Reject,0,Reject,0,7,6,5,4,4,4,5,91.667,13.05,1,7,7,7,,,,,,,,,1,1,0,2,7,6,In the long run (next year),1,An American military base,Afghanistan,A reward of $3800 next month,1,1000,4000,Female,1,29,White/Caucasian,4,1,Not Well Informed,1,Masters degree or higher,5,"$75,001 - $100,000",4,t_AllSet|S2
117,1,0,0,t_AllSet|S2,Accept,1,Accept,1,Accept,1,Accept,1,Reject,0,Reject,0,Reject,0,6,6,5,5,6,6,7,59.361,13.433,1,7,6,6,6,,,,,,,,1,1,0,2,6,5,In the long run (next year),1,An American military base,Afghanistan,A reward of $3800 next month,1,1000,5000,Female,1,27,White/Caucasian,4,2,Somewhat Informed,2,Bachelor's degree,4,"$50,001 - $75,000",3,t_AllSet|S2
118,1,0,0,t_AllSet|S2,Accept,1,Accept,1,Accept,1,Reject,0,Reject,0,Reject,0,Reject,0,6,5,4,2,6,6,6,57.665,17.811,1,6,6,4,,,,,,,,,1,1,0,2,6,5,In the long run (next year),1,An American military base,Afghanistan,A reward of $3800 next month,1,200,10000,Female,1,31,White/Caucasian,4,1,Well Informed,3,Masters degree or higher,5,"$25,000 - $50,000",2,t_AllSet|S2
119,1,0,0,t_AllSet|S2,Accept,1,Accept,1,Accept,1,Accept,1,Reject,0,Reject,0,Reject,0,6,6,4,3,3,5,6,75.228,23.186,1,7,6,3,2,,,,,,,,1,1,0,2,6,6,In the long run (next year),1,An American military base,Afghanistan,A reward of $3800 next month,1,200,10000,Male,0,34,Hispanic/Latino,2,5,Not Well Informed,1,Bachelor's degree,4,"More than $100,000",5,t_AllSet|S2
120,1,0,0,t_AllSet|S2,Accept,1,Accept,1,Accept,1,Accept,1,Reject,0,Reject,0,Reject,0,6,6,5,5,4,3,2,132.388,28.13,1,6,5,4,4,,,,,,,,1,1,0,2,4,5,In the long run (next year),1,An American military base,Afghanistan,A reward of $3800 next month,1,300,10000,Female,1,31,Black/African American,1,3,Somewhat Informed,2,Some college,3,"$25,000 - $50,000",2,t_AllSet|S2
121,1,0,0,t_AllSet|S2,Accept,1,Accept,1,Accept,1,Accept,1,Reject,0,Reject,0,Reject,0,7,7,5,4,1,1,1,168.406,44.57,1,7,6,5,4,,,,,,,,1,1,0,2,7,7,In the long run (next year),1,An American military base,Afghanistan,A reward of $3800 next month,1,500,10000,Female,1,61,White/Caucasian,4,7,Well Informed,3,Some college,3,"$25,000 - $50,000",2,t_AllSet|S2
122,1,0,0,t_AllSet|S2,Accept,1,Accept,1,Accept,1,Reject,0,Reject,0,Reject,0,Reject,0,7,7,7,5,4,7,7,82.118,20.436,1,7,7,4,,,,,,,,,1,1,0,2,7,4,In the long run (next year),1,An American military base,Afghanistan,A reward of $3800 next month,1,500,10000,Female,1,38,Black/African American,1,4,Somewhat Informed,2,High school,2,"$50,001 - $75,000",3,t_AllSet|S2
123,1,0,0,t_AllSet|S2,Accept,1,Accept,1,Accept,1,Reject,0,Reject,0,Reject,0,Reject,0,7,7,6,3,2,2,2,202.554,44.705,1,7,6,6,,,,,,,,,1,1,0,2,5,6,In the long run (next year),1,An American military base,Afghanistan,A reward of $3400 this month,0,500,10000,Female,1,49,White/Caucasian,4,5,Well Informed,3,High school,2,"More than $100,000",5,t_AllSet|S2
124,1,0,0,t_AllSet|S2,Accept,1,Accept,1,Accept,1,Accept,1,Reject,0,Reject,0,Reject,0,6,6,5,5,4,4,4,73.673,22.13,1,7,7,7,5,,,,,,,,1,1,0,2,6,5,In the long run (next year),1,An American military base,Afghanistan,A reward of $3400 this month,0,600,10000,Female,1,46,White/Caucasian,4,6,Not Well Informed,1,Bachelor's degree,4,"Less than $25,000",1,t_AllSet|S2
125,1,0,0,t_AllSet|S2,Accept,1,Accept,1,Accept,1,Accept,1,Reject,0,Reject,0,Reject,0,7,7,5,4,1,1,1,102.551,31.264,1,6,6,5,4,,,,,,,,1,1,0,2,6,5,In the long run (next year),1,An American military base,Afghanistan,A reward of $3800 next month,1,1000,10000,Male,0,53,White/Caucasian,4,4,Well Informed,3,Some college,3,"$25,000 - $50,000",2,t_AllSet|S2
126,1,0,0,t_AllSet|S2,Accept,1,Accept,1,Accept,1,Accept,1,Reject,0,Reject,0,Reject,0,2,2,2,2,2,2,2,102.226,29.514,1,7,7,3,3,,,,,,,,1,1,0,2,6,5,In the short term (this month),0,An American military base,Iran,A reward of $3800 next month,1,1000,10000,Female,1,26,White/Caucasian,4,4,Not Well Informed,1,Bachelor's degree,4,"$50,001 - $75,000",3,t_AllSet|S2
127,1,0,0,t_AllSet|S2,Accept,1,Accept,1,Accept,1,Reject,0,Reject,0,Reject,0,Reject,0,7,6,6,6,6,6,6,93.337,26.455,1,7,6,5,,,,,,,,,1,1,0,2,6,7,In the long run (next year),1,An American military base,Afghanistan,A reward of $3800 next month,1,500,20000,Male,0,43,White/Caucasian,4,7,Well Informed,3,Bachelor's degree,4,"$75,001 - $100,000",4,t_AllSet|S2
128,1,0,0,t_AllSet|S2,Accept,1,Accept,1,Accept,1,Reject,0,Reject,0,Reject,0,Reject,0,5,5,5,6,5,5,6,24.791,6.726,1,7,6,3,,,,,,,,,1,1,0,2,5,5,In the short term (this month),0,An American military base,Afghanistan,A reward of $3800 next month,1,1000,20000,Female,1,29,Asian,3,4,Somewhat Informed,2,High school,2,"$50,001 - $75,000",3,t_AllSet|S2
129,1,0,0,t_AllSet|S2,Accept,1,Reject,0,Reject,0,Reject,0,Reject,0,Reject,0,Reject,0,6,6,7,6,6,5,6,270.152,48.909,1,6,,,,,,,,,,,1,1,0,2,6,5,In the long run (next year),1,An American military base,Afghanistan,A reward of $3400 this month,0,5000,50000,Male,0,32,Black/African American,1,5,Somewhat Informed,2,Bachelor's degree,4,"$50,001 - $75,000",3,t_AllSet|S2
130,1,0,0,t_AllSet|S2,Accept,1,Accept,1,Accept,1,Accept,1,Reject,0,Reject,0,Reject,0,7,7,5,5,5,2,2,94.846,15.973,1,7,6,4,4,,,,,,,,1,1,0,2,4,4,In the long run (next year),1,An American military base,Afghanistan,A reward of $3800 next month,1,250,100000,Female,1,31,Black/African American,1,3,Somewhat Informed,2,Bachelor's degree,4,"$75,001 - $100,000",4,t_AllSet|S2
131,1,0,0,t_AllSet|S2,Accept,1,Accept,1,Accept,1,Reject,0,Reject,0,Reject,0,Reject,0,7,6,5,4,5,6,7,60.233,13.928,1,7,6,5,,,,,,,,,1,1,0,2,7,6,In the long run (next year),1,An American military base,Afghanistan,A reward of $3800 next month,1,1000,100000,Female,1,43,White/Caucasian,4,5,Somewhat Informed,2,Masters degree or higher,5,"$75,001 - $100,000",4,t_AllSet|S2
132,1,0,0,t_AllSet|S2,Accept,1,Accept,1,Accept,1,Accept,1,Accept,1,Reject,0,Reject,0,6,6,6,6,6,6,6,33.768,34.378,1,7,6,6,6,5,,,,,,,0,1,0,2,3,7,In the long run (next year),1,An American military base,Iran,A reward of $3800 next month,1,150,5000,Female,1,23,White/Caucasian,4,1,Not Well Informed,1,Some college,3,"Less than $25,000",1,t_AllSet|S2
133,1,0,0,t_AllSet|S2,Accept,1,Accept,1,Accept,1,Reject,0,Reject,0,Reject,0,Reject,0,6,6,5,4,4,6,6,374.655,14.194,1,6,5,3,,,,,,,,,1,0,0,2,7,5,In the long run (next year),1,An American embassy building,Iran,A reward of $3800 next month,1,500,500,Female,1,28,White/Caucasian,4,4,Somewhat Informed,2,Some college,3,"Less than $25,000",1,t_AllSet|S2
134,1,0,0,t_AllSet|S2,Accept,1,Accept,1,Accept,1,Accept,1,Accept,1,Accept,1,Reject,0,6,5,5,4,4,3,7,125.425,34.374,1,7,7,6,5,4,3,,,,,,1,0,0,2,5,6,In the short term (this month),0,An American military base,Afghanistan,A reward of $3800 next month,1,200,1000,Male,0,26,White/Caucasian,4,6,Well Informed,3,Bachelor's degree,4,"More than $100,000",5,t_AllSet|S2
135,1,0,0,t_AllSet|S2,Accept,1,Accept,1,Accept,1,Accept,1,Accept,1,Accept,1,Reject,0,7,7,6,6,5,4,4,64.001,19.988,1,7,6,5,4,3,2,,,,,,1,0,0,2,6,4,In the long run (next year),1,An American military base,Afghanistan,A reward of $3800 next month,1,300,10000,Male,0,24,White/Caucasian,4,2,Well Informed,3,Bachelor's degree,4,"$50,001 - $75,000",3,t_AllSet|S2
136,1,0,0,t_AllSet|S2,Accept,1,Accept,1,Accept,1,Accept,1,Reject,0,Reject,0,Reject,0,7,7,7,6,6,7,7,49.441,13.424,1,7,6,5,4,,,,,,,,0,0,0,2,7,5,In the long run (next year),1,An American military base,Afghanistan,A reward of $3800 next month,1,150,1000,Male,0,30,White/Caucasian,4,2,Very Informed,4,Masters degree or higher,5,"$50,001 - $75,000",3,t_AllSet|S2
137,1,0,0,t_AllSet|S2,Accept,1,Accept,1,Accept,1,Accept,1,Reject,0,Reject,0,Reject,0,6,6,4,4,5,5,6,95.268,27.968,1,7,6,5,3,,,,,,,,0,0,0,2,5,6,In the long run (next year),1,An American military base,Afghanistan,A reward of $3400 this month,0,200,1000,Male,0,62,White/Caucasian,4,6,Somewhat Informed,2,High school,2,"$25,000 - $50,000",2,t_AllSet|S2
138,1,0,0,t_AllSet|S2,Accept,1,Accept,1,Accept,1,Accept,1,Reject,0,Reject,0,Reject,0,7,6,5,4,5,6,7,85.697,22.155,1,7,6,5,4,,,,,,,,0,0,0,2,4,6,In the long run (next year),1,An American military base,Iran,A reward of $3800 next month,1,200,1000,Female,1,29,Other,5,4,Not Well Informed,1,Bachelor's degree,4,"$50,001 - $75,000",3,t_AllSet|S2
139,1,0,0,t_AllSet|S2,Accept,1,Accept,1,Accept,1,Accept,1,Reject,0,Reject,0,Reject,0,7,6,5,4,3,2,1,84.48,15.591,1,7,5,3,1,,,,,,,,0,0,0,2,6,3,In the long run (next year),1,An American military base,Afghanistan,A reward of $3800 next month,1,200,1000,Male,0,35,White/Caucasian,4,1,Well Informed,3,Masters degree or higher,5,"More than $100,000",5,t_AllSet|S2
140,1,0,0,t_AllSet|S2,Accept,1,Accept,1,Accept,1,Accept,1,Accept,1,Accept,1,Accept,1,7,6,5,4,3,2,1,69.772,20.457,1,7,7,6,5,4,3,2,,,,,0,0,0,2,5,4,In the long run (next year),1,An American military base,Afghanistan,A reward of $3800 next month,1,300,1000,Male,0,38,White/Caucasian,4,1,Somewhat Informed,2,Some college,3,"$25,000 - $50,000",2,t_AllSet|S2
141,1,0,0,t_AllSet|S2,Accept,1,Accept,1,Accept,1,Accept,1,Reject,0,Reject,0,Reject,0,7,6,5,4,2,2,2,55.126,19.827,1,7,6,5,4,,,,,,,,0,0,0,2,5,6,In the long run (next year),1,An American military base,Afghanistan,A reward of $3400 this month,0,250,2000,Female,1,39,White/Caucasian,4,5,Well Informed,3,Bachelor's degree,4,"$75,001 - $100,000",4,t_AllSet|S2
142,1,0,0,t_AllSet|S2,Accept,1,Accept,1,Accept,1,Accept,1,Accept,1,Accept,1,Reject,0,7,7,6,6,5,4,5,104.997,32.106,1,7,7,6,5,5,4,,,,,,0,0,0,2,5,6,In the long run (next year),1,An American military base,Afghanistan,A reward of $3800 next month,1,400,2000,Male,0,26,White/Caucasian,4,4,Somewhat Informed,2,Some college,3,"$50,001 - $75,000",3,t_AllSet|S2
143,1,0,0,t_AllSet|S2,Accept,1,Accept,1,Reject,0,Reject,0,Reject,0,Reject,0,Reject,0,6,5,3,2,2,2,1,112.904,17.943,1,6,6,,,,,,,,,,0,0,0,2,7,6,In the long run (next year),1,An American military base,Afghanistan,A reward of $3800 next month,1,400,2500,Female,1,51,White/Caucasian,4,7,Well Informed,3,Some college,3,"$50,001 - $75,000",3,t_AllSet|S2
144,1,0,0,t_AllSet|S2,Accept,1,Accept,1,Accept,1,Accept,1,Reject,0,Reject,0,Reject,0,7,7,7,5,1,1,2,117.714,27.813,1,7,7,7,5,,,,,,,,0,0,0,2,6,6,In the long run (next year),1,An American military base,Afghanistan,A reward of $3800 next month,1,500,3000,Female,1,39,White/Caucasian,4,2,Somewhat Informed,2,Masters degree or higher,5,"More than $100,000",5,t_AllSet|S2
145,1,0,0,t_AllSet|S2,Accept,1,Accept,1,Accept,1,Accept,1,Reject,0,Reject,0,Reject,0,7,5,3,1,2,4,7,80.395,18.366,1,7,5,3,1,,,,,,,,0,0,0,2,7,5,In the long run (next year),1,An American military base,Afghanistan,A reward of $3800 next month,1,200,5000,Male,0,35,White/Caucasian,4,3,Somewhat Informed,2,Masters degree or higher,5,"$50,001 - $75,000",3,t_AllSet|S2
146,1,0,0,t_AllSet|S2,Accept,1,Accept,1,Accept,1,Reject,0,Reject,0,Reject,0,Reject,0,7,6,5,4,5,6,7,109.25,19.097,1,7,6,5,,,,,,,,,0,0,0,2,7,3,In the long run (next year),1,An American military base,Afghanistan,A reward of $3800 next month,1,1000,10000,Male,0,38,White/Caucasian,4,1,Somewhat Informed,2,Some college,3,"$25,000 - $50,000",2,t_AllSet|S2
147,1,0,0,t_AllSet|S2,Accept,1,Accept,1,Accept,1,Reject,0,Reject,0,Reject,0,Reject,0,7,6,5,4,5,6,7,71.67,14.2,1,7,5,2,,,,,,,,,0,0,0,2,7,5,In the long run (next year),1,An American military base,Afghanistan,A reward of $3800 next month,1,1000,10000,Male,0,34,White/Caucasian,4,5,Somewhat Informed,2,Bachelor's degree,4,"$50,001 - $75,000",3,t_AllSet|S2
148,1,0,0,t_AllSet|S2,Accept,1,Accept,1,Accept,1,Reject,0,Reject,0,Reject,0,Reject,0,6,6,5,5,5,4,4,33.102,11.116,1,5,6,6,,,,,,,,,0,0,0,2,7,5,In the long run (next year),1,An American military base,Afghanistan,A reward of $3400 this month,0,1000,10000,Male,0,26,White/Caucasian,4,7,Very Informed,4,Masters degree or higher,5,"$75,001 - $100,000",4,t_AllSet|S2
149,1,0,0,t_AllSet|S2,Accept,1,Accept,1,Accept,1,Accept,1,Reject,0,Reject,0,Reject,0,6,5,5,5,4,2,2,116.964,23.876,1,7,6,6,6,,,,,,,,0,0,0,2,6,5,In the long run (next year),1,An American military base,Afghanistan,A reward of $3400 this month,0,1000,10000,Male,0,35,White/Caucasian,4,1,Somewhat Informed,2,High school,2,"Less than $25,000",1,t_AllSet|S2
150,1,0,0,t_AllSet|S2,Accept,1,Accept,1,Accept,1,Reject,0,Reject,0,Reject,0,Reject,0,7,6,5,2,1,1,1,253.346,21.521,1,7,6,5,,,,,,,,,0,0,0,2,7,7,In the long run (next year),1,An American embassy building,Afghanistan,A reward of $3400 this month,0,1200,10000,Male,0,36,Black/African American,1,3,Well Informed,3,Some college,3,"$25,000 - $50,000",2,t_AllSet|S2
151,1,0,0,t_AllSet|S2,Reject,0,Reject,0,Reject,0,Reject,0,Reject,0,Reject,0,Accept,1,6,6,6,6,6,6,4,175.446,72.359,7,,,,,,,3,,,,,0,0,0,2,7,5,In the long run (next year),1,An American embassy building,Afghanistan,A reward of $3800 next month,1,2500,10000,Female,1,26,Black/African American,1,6,Well Informed,3,Bachelor's degree,4,"More than $100,000",5,t_AllSet|S2
152,1,0,0,t_AllSet|S2,Accept,1,Accept,1,Accept,1,Accept,1,Reject,0,Reject,0,Reject,0,7,6,6,5,3,6,7,112.387,39.151,1,7,7,6,5,,,,,,,,0,0,0,2,6,7,In the long run (next year),1,An American military base,Afghanistan,A reward of $3800 next month,1,1200,12000,Female,1,34,White/Caucasian,4,1,Very Informed,4,Bachelor's degree,4,"$25,000 - $50,000",2,t_AllSet|S2
153,1,0,0,t_AllSet|S2,Accept,1,Accept,1,Accept,1,Accept,1,Accept,1,Accept,1,Accept,1,6,6,6,6,5,5,4,51.75,15.685,1,7,7,6,6,5,4,3,,,,,0,0,0,2,5,6,In the long run (next year),1,An American military base,Afghanistan,A reward of $3800 next month,1,1000,15000,Male,0,36,White/Caucasian,4,2,Very Informed,4,Bachelor's degree,4,"$75,001 - $100,000",4,t_AllSet|S2
154,1,0,0,t_AllSet|S2,Accept,1,Accept,1,Accept,1,Accept,1,Reject,0,Reject,0,Reject,0,7,6,5,5,6,6,6,81.201,29.65,1,7,6,5,6,,,,,,,,0,0,0,2,4,4,In the long run (next year),1,An American military base,Afghanistan,A reward of $3400 this month,0,2500,15000,Female,1,37,White/Caucasian,4,1,Somewhat Informed,2,Some college,3,"$25,000 - $50,000",2,t_AllSet|S2
155,1,0,0,t_AllSet|S2,Accept,1,Reject,0,Reject,0,Reject,0,Reject,0,Reject,0,Reject,0,7,1,2,3,4,5,6,97.443,16.38,1,7,,,,,,,,,,,0,0,0,2,6,6,In the long run (next year),1,An American military base,Afghanistan,A reward of $3800 next month,1,1000,100000,Female,1,29,Black/African American,1,2,Somewhat Informed,2,Some college,3,"$50,001 - $75,000",3,t_AllSet|S2
156,1,0,0,t_AllSet|S2,Accept,1,Reject,0,Reject,0,Reject,0,Reject,0,Reject,0,Reject,0,6,6,6,6,6,6,6,141.359,9.626,1,6,,,,,,,,,,,0,0,0,2,5,6,In the long run (next year),1,An American military base,Afghanistan,A reward of $3800 next month,1,10000,1000000,Female,1,32,Black/African American,1,2,Somewhat Informed,2,Bachelor's degree,4,"$25,000 - $50,000",2,t_AllSet|S2
157,1,0,0,t_AllSet|S2,Accept,1,Reject,0,Accept,1,Reject,0,Accept,1,Accept,1,Accept,1,6,4,1,1,3,1,2,21.677,8.417,1,6,,7,,7,6,6,,,,,0,1,1,0,7,6,In the short term (this month),0,An American military base,Iran,A reward of $3400 this month,0,2800,800,Male,0,30,Hispanic/Latino,2,7,Well Informed,3,Bachelor's degree,4,"$25,000 - $50,000",2,t_AllSet|S2
158,1,0,0,t_AllSet|S2,Accept,1,Reject,0,Accept,1,Reject,0,Accept,1,Accept,1,Accept,1,6,5,7,6,5,6,7,45.194,15.041,5,6,,5,,6,5,7,,,,,1,2,1,0,5,4,In the short term (this month),0,An American military base,Iran,A reward of $3800 next month,1,200,800,Female,1,26,White/Caucasian,4,5,Well Informed,3,Bachelor's degree,4,"$50,001 - $75,000",3,t_AllSet|S2
159,1,0,0,t_AllSet|S2,Accept,1,Accept,1,Accept,1,Accept,1,Accept,1,Accept,1,Accept,1,7,7,7,7,7,7,7,46.8,15.729,1,7,7,7,7,7,7,7,,,,,1,1,0,0,7,7,In the long run (next year),1,An American military base,Afghanistan,A reward of $3800 next month,1,125,200,Female,1,27,White/Caucasian,4,1,Well Informed,3,Bachelor's degree,4,"Less than $25,000",1,t_AllSet|S2
160,1,0,0,t_AllSet|S2,Accept,1,Accept,1,Accept,1,Accept,1,Reject,0,Reject,0,Reject,0,7,5,4,4,4,4,4,180.746,19.052,1,7,7,5,4,,,,,,,,1,1,0,0,5,4,In the short term (this month),0,An American military base,Afghanistan,A reward of $3800 next month,1,125,250,Female,1,31,Hispanic/Latino,2,2,Well Informed,3,Bachelor's degree,4,"$75,001 - $100,000",4,t_AllSet|S2
161,1,0,0,t_AllSet|S2,Accept,1,Accept,1,Accept,1,Accept,1,Accept,1,Accept,1,Accept,1,7,6,5,4,3,2,1,27.268,13.001,1,7,6,5,4,3,2,1,,,,,1,1,0,0,4,7,In the long run (next year),1,An American military base,Afghanistan,A reward of $3800 next month,1,110,260,Male,0,36,Asian,3,4,Not Well Informed,1,Some college,3,"$25,000 - $50,000",2,t_AllSet|S2
162,1,0,0,t_AllSet|S2,Accept,1,Accept,1,Accept,1,Accept,1,Reject,0,Reject,0,Reject,0,7,7,6,6,5,5,4,30.11,11.991,2,6,7,6,6,,,,,,,,1,1,0,0,7,6,In the short term (this month),0,An American military base,Iran,A reward of $3400 this month,0,200,800,Male,0,30,Black/African American,1,7,Well Informed,3,Masters degree or higher,5,"$50,001 - $75,000",3,t_AllSet|S2
163,1,0,0,t_AllSet|S2,Accept,1,Accept,1,Accept,1,Accept,1,Accept,1,Reject,0,Reject,0,6,6,5,5,4,4,4,22.882,9.647,1,6,6,5,5,3,,,,,,,1,1,0,0,5,5,In the long run (next year),1,An American military base,Afghanistan,A reward of $3800 next month,1,150,1000,Female,1,37,White/Caucasian,4,2,Somewhat Informed,2,Bachelor's degree,4,"Less than $25,000",1,t_AllSet|S2
164,1,0,0,t_AllSet|S2,Accept,1,Accept,1,Accept,1,Accept,1,Reject,0,Reject,0,Reject,0,6,5,4,3,3,3,2,21.335,8.632,1,6,5,5,4,,,,,,,,1,1,0,0,6,5,In the long run (next year),1,An American embassy building,Iran,A reward of $3800 next month,1,500,1000,Male,0,31,White/Caucasian,4,7,Not Well Informed,1,Bachelor's degree,4,"More than $100,000",5,t_AllSet|S2
165,1,0,0,t_AllSet|S2,Accept,1,Accept,1,Accept,1,Accept,1,Reject,0,Reject,0,Reject,0,7,7,6,6,5,5,5,123.523,22.481,1,7,6,5,4,,,,,,,,1,1,0,0,7,7,In the long run (next year),1,An American military base,Afghanistan,A reward of $3800 next month,1,1000,1000,Female,1,59,White/Caucasian,4,1,Very Informed,4,Bachelor's degree,4,"$75,001 - $100,000",4,t_AllSet|S2
166,1,0,0,t_AllSet|S2,Accept,1,Accept,1,Reject,0,Reject,0,Reject,0,Reject,0,Reject,0,5,6,6,6,7,7,7,343.068,38.266,1,6,5,,,,,,,,,,1,1,0,0,5,5,In the long run (next year),1,An American military base,Afghanistan,A reward of $3800 next month,1,1000,5000,Female,1,32,Black/African American,1,3,Somewhat Informed,2,Masters degree or higher,5,"$25,000 - $50,000",2,t_AllSet|S2
167,1,0,0,t_AllSet|S2,Accept,1,Accept,1,Accept,1,Accept,1,Accept,1,Accept,1,Accept,1,6,6,6,5,5,5,4,43.816,18.167,1,7,7,6,6,5,5,5,,,,,1,1,0,0,7,5,In the long run (next year),1,An American military base,Afghanistan,A reward of $3800 next month,1,1000,10000,Male,0,33,Black/African American,1,3,Somewhat Informed,2,High school,2,"Less than $25,000",1,t_AllSet|S2
168,1,0,0,t_AllSet|S2,Accept,1,Accept,1,Accept,1,Accept,1,Accept,1,Accept,1,Accept,1,6,4,2,1,1,1,1,24.117,9.07,1,7,5,3,2,1,1,1,,,,,1,1,0,0,2,4,In the long run (next year),1,An American military base,Iran,A reward of $3800 next month,1,1000,10000,Female,1,26,Hispanic/Latino,2,2,Somewhat Informed,2,Some college,3,"Less than $25,000",1,t_AllSet|S2
169,1,0,0,t_AllSet|S2,Accept,1,Accept,1,Accept,1,Accept,1,Reject,0,Reject,0,Reject,0,5,4,4,3,3,2,2,160.642,37.126,1,6,5,4,3,,,,,,,,1,1,0,0,5,6,In the long run (next year),1,An American embassy building,Afghanistan,A reward of $3800 next month,1,1000,10000,Female,1,42,White/Caucasian,4,7,Somewhat Informed,2,Some college,3,"More than $100,000",5,t_AllSet|S2
170,1,0,0,t_AllSet|S2,Accept,1,Accept,1,Accept,1,Accept,1,Accept,1,Reject,0,Reject,0,7,7,7,7,7,4,4,314.413,62.791,1,7,6,6,6,5,,,,,,,1,1,0,0,7,5,In the long run (next year),1,An American military base,Afghanistan,A reward of $3800 next month,1,10000,25000,Male,0,25,White/Caucasian,4,6,Well Informed,3,Masters degree or higher,5,"$50,001 - $75,000",3,t_AllSet|S2
171,1,0,0,t_AllSet|S2,Accept,1,Reject,0,Reject,0,Reject,0,Reject,0,Reject,0,Reject,0,5,5,6,6,7,7,7,118.017,11.384,1,5,,,,,,,,,,,1,1,0,0,6,6,In the long run (next year),1,An American military base,Afghanistan,A reward of $3400 this month,0,1200,120000,Male,0,38,Asian,3,4,Well Informed,3,Bachelor's degree,4,"More than $100,000",5,t_AllSet|S2
172,1,0,0,t_AllSet|S2,Accept,1,Accept,1,Accept,1,Accept,1,Reject,0,Reject,0,Reject,0,7,6,5,4,3,2,1,78.022,30.183,1,7,6,6,5,,,,,,,,1,1,0,0,7,7,In the short term (this month),0,An American military base,Afghanistan,A reward of $3800 next month,1,1000,1000000,Male,0,41,White/Caucasian,4,4,Well Informed,3,Bachelor's degree,4,"$25,000 - $50,000",2,t_AllSet|S2
173,1,0,0,t_AllSet|S2,Accept,1,Accept,1,Accept,1,Accept,1,Reject,0,Reject,0,Reject,0,4,4,4,4,4,4,4,147.661,44.695,2,7,6,5,4,,,,,,,,0,1,0,0,2,5,In the long run (next year),1,An American military base,Afghanistan,A reward of $3800 next month,1,500,1999,Female,1,59,White/Caucasian,4,3,Somewhat Informed,2,Bachelor's degree,4,"More than $100,000",5,t_AllSet|S2
174,1,0,0,t_AllSet|S2,Accept,1,Accept,1,Accept,1,Accept,1,Reject,0,Reject,0,Reject,0,5,5,3,3,2,2,2,91.789,14.444,1,5,5,4,3,,,,,,,,1,2,0,0,5,4,In the long run (next year),1,An American embassy building,Afghanistan,A reward of $3400 this month,0,444,322,Male,0,30,White/Caucasian,4,5,Well Informed,3,Some college,3,"$25,000 - $50,000",2,t_AllSet|S2
175,1,0,0,t_AllSet|S2,Accept,1,Accept,1,Accept,1,Accept,1,Reject,0,Reject,0,Reject,0,6,5,7,6,6,5,7,28.151,9.141,1,6,7,5,6,,,,,,,,1,2,0,0,7,6,In the short term (this month),0,An American military base,Afghanistan,A reward of $3400 this month,0,200,800,Male,0,38,Black/African American,1,7,Very Informed,4,Masters degree or higher,5,"$50,001 - $75,000",3,t_AllSet|S2
176,1,0,0,t_AllSet|S2,Accept,1,Accept,1,Accept,1,Accept,1,Accept,1,Accept,1,Accept,1,7,6,7,6,7,6,7,55.305,58.258,1,7,7,6,6,7,6,6,,,,,1,2,0,0,7,6,In the short term (this month),0,An American military base,Afghanistan,A reward of $3400 this month,0,200,800,Female,1,35,Black/African American,1,7,Very Informed,4,Bachelor's degree,4,"$50,001 - $75,000",3,t_AllSet|S2
177,1,0,0,t_AllSet|S2,Accept,1,Accept,1,Accept,1,Accept,1,Accept,1,Accept,1,Accept,1,5,6,7,5,6,7,5,295.537,361.897,1,5,6,7,5,6,7,5,,,,,1,2,0,0,7,6,In the short term (this month),0,An American military base,Kenya,A reward of $3800 next month,1,200,800,Female,1,28,Black/African American,1,7,Very Informed,4,Bachelor's degree,4,"$50,001 - $75,000",3,t_AllSet|S2
178,1,0,0,t_AllSet|S2,Accept,1,Accept,1,Accept,1,Accept,1,Reject,0,Reject,0,Reject,0,5,5,5,5,4,4,6,88.878,60.812,1,7,6,5,5,,,,,,,,1,2,0,0,6,6,In the long run (next year),1,An American military base,Afghanistan,A reward of $3400 this month,0,1000,10000,Male,0,36,Asian,3,3,Well Informed,3,Some college,3,"$75,001 - $100,000",4,t_AllSet|S2
179,1,0,0,t_AllSet|S2,Accept,1,Reject,0,Reject,0,Accept,1,Accept,1,Reject,0,Accept,1,2,6,6,3,5,4,4,62.911,7.707,1,5,,,4,3,,3,,,,,1,2,0,0,5,6,In the short term (this month),0,An American military base,Afghanistan,A reward of $3400 this month,0,5500,100000,Male,0,26,White/Caucasian,4,6,Well Informed,3,Bachelor's degree,4,"$25,000 - $50,000",2,t_AllSet|S2
180,1,0,0,t_AllSet|S2,Accept,1,Accept,1,Accept,1,Accept,1,Accept,1,Accept,1,Accept,1,7,7,7,7,7,7,7,123.552,25.464,1,7,7,7,7,7,7,7,,,,,1,0,0,0,3,5,In the long run (next year),1,An American military base,Afghanistan,A reward of $3800 next month,1,150,1500,Male,0,57,White/Caucasian,4,4,Somewhat Informed,2,Masters degree or higher,5,"More than $100,000",5,t_AllSet|S2
181,1,0,0,t_AllSet|S2,Accept,1,Accept,1,Accept,1,Accept,1,Accept,1,Accept,1,Accept,1,6,6,7,6,6,6,6,73.001,20.308,1,5,6,6,7,5,6,6,,,,,0,0,0,0,5,6,In the long run (next year),1,An American embassy building,Kenya,A reward of $3800 next month,1,102,120,Female,1,25,White/Caucasian,4,7,Very Informed,4,Bachelor's degree,4,"$75,001 - $100,000",4,t_AllSet|S2
182,1,0,0,t_AllSet|S2,Accept,1,Reject,0,Reject,0,Reject,0,Reject,0,Reject,0,Reject,0,7,7,7,7,7,7,7,22.371,8.676,1,7,,,,,,,,,,,0,0,0,0,6,6,In the long run (next year),1,An American embassy building,Afghanistan,A reward of $3800 next month,1,110,400,Male,0,26,White/Caucasian,4,2,Very Informed,4,Bachelor's degree,4,"$75,001 - $100,000",4,t_AllSet|S2
183,1,0,0,t_AllSet|S2,Accept,1,Accept,1,Accept,1,Accept,1,Reject,0,Reject,0,Reject,0,6,6,4,4,5,5,6,326.729,37.054,1,6,6,5,5,,,,,,,,0,0,0,0,7,5,In the long run (next year),1,An American embassy building,Afghanistan,A reward of $3800 next month,1,135,500,Female,1,51,White/Caucasian,4,7,Not Well Informed,1,Some college,3,"$25,000 - $50,000",2,t_AllSet|S2
184,1,0,0,t_AllSet|S2,Accept,1,Accept,1,Accept,1,Reject,0,Reject,0,Reject,0,Reject,0,6,6,6,3,3,2,2,151.381,50.607,1,5,4,3,,,,,,,,,0,0,0,0,4,7,In the long run (next year),1,An American embassy building,Afghanistan,A reward of $3800 next month,1,200,500,Female,1,36,White/Caucasian,4,1,Not Well Informed,1,Bachelor's degree,4,"Less than $25,000",1,t_AllSet|S2
185,1,0,0,t_AllSet|S2,Accept,1,Accept,1,Accept,1,Accept,1,Accept,1,Accept,1,Accept,1,6,7,6,7,6,7,6,21.239,26.829,1,7,6,5,4,3,2,1,,,,,0,0,0,0,6,7,In the long run (next year),1,An American embassy building,Afghanistan,A reward of $3800 next month,1,200,800,Female,1,57,White/Caucasian,4,1,Very Informed,4,Bachelor's degree,4,"$25,000 - $50,000",2,t_AllSet|S2
186,1,0,0,t_AllSet|S2,Accept,1,Accept,1,Accept,1,Accept,1,Accept,1,Accept,1,Accept,1,6,6,5,4,4,3,3,42.089,68.882,1,6,5,5,5,5,4,4,,,,,0,0,0,0,5,5,In the short term (this month),0,An American military base,Iran,A reward of $3800 next month,1,200,800,Male,0,47,White/Caucasian,4,5,Well Informed,3,Masters degree or higher,5,"$25,000 - $50,000",2,t_AllSet|S2
187,1,0,0,t_AllSet|S2,Accept,1,Accept,1,Accept,1,Accept,1,Reject,0,Reject,0,Reject,0,7,7,6,6,6,6,7,311.823,24.06,1,7,7,5,5,,,,,,,,0,0,0,0,4,6,In the long run (next year),1,An American military base,Afghanistan,A reward of $3800 next month,1,200,1000,Male,0,57,White/Caucasian,4,5,Well Informed,3,Some college,3,"$75,001 - $100,000",4,t_AllSet|S2
188,1,0,0,t_AllSet|S2,Accept,1,Accept,1,Accept,1,Reject,0,Reject,0,Reject,0,Reject,0,7,7,7,7,7,7,7,79.992,43.226,1,7,6,5,,,,,,,,,0,0,0,0,6,6,In the long run (next year),1,An American military base,Afghanistan,A reward of $3800 next month,1,200,5000,Male,0,38,Black/African American,1,2,Very Informed,4,Bachelor's degree,4,"$75,001 - $100,000",4,t_AllSet|S2
189,1,0,0,t_AllSet|S2,Accept,1,Accept,1,Accept,1,Reject,0,Reject,0,Reject,0,Reject,0,7,7,6,5,4,3,3,81.221,15.487,1,7,6,5,,,,,,,,,0,0,0,0,6,5,In the long run (next year),1,An American military base,Afghanistan,A reward of $3400 this month,0,500,5000,Male,0,36,Asian,3,3,Somewhat Informed,2,Masters degree or higher,5,"$75,001 - $100,000",4,t_AllSet|S2
190,1,0,0,t_AllSet|S2,Accept,1,Accept,1,Reject,0,Reject,0,Reject,0,Reject,0,Reject,0,7,7,3,3,2,1,1,143.014,32.564,1,7,5,,,,,,,,,,0,0,0,0,5,6,In the long run (next year),1,An American military base,Afghanistan,A reward of $3400 this month,0,1000,5000,Male,0,73,White/Caucasian,4,4,Very Informed,4,Some college,3,"$75,001 - $100,000",4,t_AllSet|S2
191,1,0,0,t_AllSet|S2,Accept,1,Accept,1,Accept,1,Reject,0,Reject,0,Reject,0,Reject,0,7,6,5,4,4,4,4,85.896,18.221,1,5,4,3,,,,,,,,,0,0,0,0,6,7,In the long run (next year),1,An American military base,Afghanistan,A reward of $3800 next month,1,200,10000,Female,1,58,White/Caucasian,4,2,Somewhat Informed,2,Some college,3,"$25,000 - $50,000",2,t_AllSet|S2
192,1,0,0,t_AllSet|S2,Reject,0,Reject,0,Reject,0,Accept,1,Accept,1,Accept,1,Accept,1,6,6,5,3,5,5,6,84.679,26.433,4,,,,6,5,4,3,,,,,0,0,0,0,6,6,In the long run (next year),1,An American military base,Afghanistan,A reward of $3400 this month,0,500,10000,Male,0,49,White/Caucasian,4,4,Somewhat Informed,2,Bachelor's degree,4,"More than $100,000",5,t_AllSet|S2
193,1,0,0,t_AllSet|S2,Accept,1,Reject,0,Accept,1,Accept,1,Reject,0,Accept,1,Accept,1,2,4,3,2,4,4,2,24.924,13.39,4,3,,5,6,,5,4,,,,,1,1,1,1,7,6,In the long run (next year),1,An American military base,Afghanistan,A reward of $3800 next month,1,101,110,Male,0,31,White/Caucasian,4,4,Well Informed,3,Some college,3,"$75,001 - $100,000",4,t_AllSet|S2
194,1,0,0,t_AllSet|S2,Accept,1,Reject,0,Accept,1,Reject,0,Accept,1,Reject,0,Accept,1,6,7,6,5,6,7,6,47.326,34.51,1,5,,6,,7,,6,,,,,1,1,1,1,6,7,In the long run (next year),1,An American military base,Iran,A reward of $3400 this month,0,200,800,Male,0,27,Black/African American,1,5,Well Informed,3,Masters degree or higher,5,"$50,001 - $75,000",3,t_AllSet|S2
195,1,0,0,t_AllSet|S2,Reject,0,Reject,0,Reject,0,Reject,0,Accept,1,Accept,1,Accept,1,3,4,4,4,5,5,5,505.034,43.31,5,,,,,5,4,3,,,,,1,1,1,1,6,5,In the long run (next year),1,An American embassy building,Afghanistan,A reward of $3400 this month,0,300,2000,Male,0,65,White/Caucasian,4,1,Somewhat Informed,2,Some college,3,"$50,001 - $75,000",3,t_AllSet|S2
196,1,0,0,t_AllSet|S2,Reject,0,Reject,0,Accept,1,Reject,0,Reject,0,Reject,0,Accept,1,6,7,7,7,7,7,7,21.845,4.74,3,,,7,,,,7,,,,,1,2,1,1,7,7,In the short term (this month),0,An American embassy building,Kenya,A reward of $3400 this month,0,200,800,Male,0,32,Black/African American,1,7,Well Informed,3,Bachelor's degree,4,"$75,001 - $100,000",4,t_AllSet|S2
197,1,0,0,t_AllSet|S2,Accept,1,Accept,1,Accept,1,Accept,1,Accept,1,Accept,1,Accept,1,6,7,6,7,6,7,6,21.981,33.2,2,6,7,6,7,6,7,6,,,,,1,0,1,1,6,7,In the short term (this month),0,An American military base,Iran,A reward of $3400 this month,0,200,800,Female,1,38,Black/African American,1,6,Very Informed,4,Bachelor's degree,4,"$75,001 - $100,000",4,t_AllSet|S2
198,1,0,0,t_AllSet|S2,Accept,1,Accept,1,Accept,1,Accept,1,Accept,1,Accept,1,Accept,1,6,3,5,4,5,4,5,25.179,13.334,1,2,1,5,6,6,5,6,,,,,1,1,0,1,5,4,In the long run (next year),1,An American embassy building,Afghanistan,A reward of $3800 next month,1,1200,10000,Male,0,30,White/Caucasian,4,6,Well Informed,3,Bachelor's degree,4,"$75,001 - $100,000",4,t_AllSet|S2
199,1,0,0,t_AllSet|S2,Accept,1,Accept,1,Reject,0,Reject,0,Reject,0,Reject,0,Accept,1,4,6,3,6,4,6,4,24.373,11.598,2,5,6,,,,,5,,,,,0,1,0,1,5,6,In the short term (this month),0,An American military base,Afghanistan,A reward of $3400 this month,0,500,300,Female,1,25,White/Caucasian,4,5,Well Informed,3,Bachelor's degree,4,"$50,001 - $75,000",3,t_AllSet|S2
200,1,0,0,t_AllSet|S2,Accept,1,Accept,1,Reject,0,Accept,1,Reject,0,Accept,1,Reject,0,7,6,6,5,3,5,6,82.521,35.286,1,7,6,,5,,6,,,,,,0,1,0,1,7,6,In the long run (next year),1,An American embassy building,Iran,A reward of $3400 this month,0,1000,10000,Female,1,30,Black/African American,1,6,Well Informed,3,Masters degree or higher,5,"$25,000 - $50,000",2,t_AllSet|S2
201,1,0,0,t_AllSet|S2,Reject,0,Accept,1,Accept,1,Reject,0,Accept,1,Accept,1,Accept,1,7,3,7,4,2,4,5,50.363,6.105,2,,4,1,,4,4,4,,,,,1,0,0,1,5,4,In the long run (next year),1,An American embassy building,Afghanistan,A reward of $3400 this month,0,5900,3000,Female,1,25,White/Caucasian,4,1,Very Informed,4,Bachelor's degree,4,"$75,001 - $100,000",4,t_AllSet|S2
202,0,0,0,t_AllSet|S1,,1,,1,,1,,0,,0,,0,,0,7,5,5,1,1,1,1,96.14,26.849,1,6,4,4,,,,,,,,,0,0,0,2,7,5,In the long run (next year),1,An American military base,Afghanistan,,0,300,1500,,1,56,,4,3,,1,,3,,1,t_AllSet|S1
203,0,0,0,t_AllSet|S1,,1,,1,,0,,0,,0,,0,,0,7,5,7,7,7,7,7,93.745,18.107,1,7,5,,,,,,,,,,1,1,0,2,6,7,In the short term (this month),0,An American military base,Afghanistan,,1,1000,10000,,0,29,,4,4,,2,,3,,2,t_AllSet|S1
204,0,0,0,t_AllSet|S1,,1,,1,,1,,1,,0,,0,,0,7,7,7,5,7,7,7,155.074,37.969,1,7,7,6,6,,,,,,,,1,1,0,2,6,6,In the short term (this month),0,An American military base,Afghanistan,,0,2000,500000,,1,25,,4,7,,2,,2,,2,t_AllSet|S1
205,0,0,0,t_AllSet|S1,,1,,1,,1,,0,,0,,0,,1,5,6,3,6,5,3,6,78.653,27.574,1,5,6,7,,,,1,,,,,1,2,0,0,6,6,In the long run (next year),1,An American military base,Afghanistan,,1,1000,10000,,1,28,,4,7,,4,,4,,3,t_AllSet|S1
206,0,0,0,t_AllSet|S1,,1,,0,,0,,0,,0,,0,,1,3,3,2,2,2,2,2,261.073,1.956,1,5,,,,,,4,,,,,1,1,1,1,2,2,In the short term (this month),0,An American military base,Iran,,0,1000,10000,,0,23,,4,5,,1,,2,,3,t_AllSet|S1
207,0,0,0,t_AllSet|S1,,1,,0,,1,,0,,1,,1,,1,5,4,2,3,5,3,2,68.124,69.442,1,6,,5,,4,3,2,,,,,1,1,0,0,5,6,In the short term (this month),0,An American military base,Afghanistan,,0,10000,100000,,0,38,,4,6,,3,,4,,4,t_AllSet|S1
208,0,0,0,t_AllSet|S1,,1,,1,,1,,1,,0,,0,,0,7,7,7,4,6,6,6,1922.644,22.596,1,7,6,5,4,,,,,,,,1,1,0,0,7,6,In the long run (next year),1,An American military base,Afghanistan,,1,500,10000,,1,36,,4,7,,1,,2,,5,t_AllSet|S1
209,0,0,0,t_AllSet|S1,,1,,1,,1,,0,,0,,0,,0,7,7,5,5,6,7,7,121.244,30.38,1,7,7,2,,,,,,,,,0,1,0,2,7,7,In the short term (this month),0,An American military base,Afghanistan,,1,200,1000,,1,52,,4,2,,2,,4,,5,t_AllSet|S1
210,1,0,0,t_AllSet|S2,,1,,1,,1,,1,,0,,0,,0,6,5,4,3,2,1,1,200.818,38.11,1,7,6,5,4,,,,,,,,0,0,0,2,2,6,In the long run (next year),1,An American military base,Afghanistan,,1,500,5000,,1,62,,4,4,,1,,5,,1,t_AllSet|S2
211,1,0,0,t_AllSet|S2,,0,,1,,1,,1,,0,,1,,1,4,4,4,6,5,6,5,25.494,22.003,2,,5,7,5,,7,5,,,,,0,0,0,2,6,7,In the short term (this month),0,An American military base,Iran,,0,200,800,,0,40,,1,6,,3,,4,,2,t_AllSet|S2
212,1,0,0,t_AllSet|S2,,1,,1,,0,,0,,0,,1,,0,6,5,1,2,1,3,2,33.534,17.11,1,4,4,,,,3,,,,,,0,0,1,1,4,4,In the long run (next year),1,An American military base,Afghanistan,,0,1000,1000,,0,32,,4,4,,2,,4,,3,t_AllSet|S2
213,1,0,0,t_AllSet|S2,,1,,1,,1,,1,,1,,1,,1,7,6,5,4,3,2,1,83.541,26.85,1,7,6,5,4,3,2,1,,,,,1,1,0,2,5,5,In the long run (next year),1,An American military base,Afghanistan,,1,200,800,,0,65,,4,7,,2,,5,,5,t_AllSet|S2